category_id,category
1,食品和飲料 > 食品 > 濃湯和清湯
2,食品和飲料 > 食品 > 堅果和種子
3,食品和飲料 > 食品 > 點心和洋芋片
4,食品和飲料 > 食品 > 素肉
5,食品和飲料 > 食品 > 辛香料和調味料
6,食品和飲料 > 食品 > 義大利麵和穀物
7,食品和飲料 > 食品 > 調理食品和料理包
8,食品和飲料 > 食品 > 糖果和巧克力
9,食品和飲料 > 食品 > 沾醬和抹醬
10,食品和飲料 > 食品 > 肉類和海鮮
11,食品和飲料 > 食品 > 烘焙坊和麵包
12,食品和飲料 > 食品 > 調味品和醬料
13,食品和飲料 > 食品 > 乳製品、蛋和起司
14,食品和飲料 > 食品 > 冷凍食品
15,食品和飲料 > 食品 > 烘焙原料
16,食品和飲料 > 食品 > 水果和蔬菜
17,食品和飲料 > 食品 > 早餐和麥片
18,食品和飲料 > 食品
19,食品和飲料 > 飲料 > 運動和能量飲料
20,食品和飲料 > 飲料 > 果汁
21,食品和飲料 > 飲料 > 沖泡式飲品
22,食品和飲料 > 飲料 > 汽水
23,食品和飲料 > 飲料 > 水
24,食品和飲料 > 飲料 > 咖啡和茶
25,食品和飲料 > 飲料 > 酒精飲品
26,食品和飲料 > 飲料 > 牛奶
27,食品和飲料 > 飲料
28,食品和飲料
29,玩具和遊戲 > 戶外遊樂設施
30,玩具和遊戲 > 填充動物玩偶和絨毛玩具
31,玩具和遊戲 > 遊戲 > 角色扮演遊戲
32,玩具和遊戲 > 遊戲 > 西洋棋
33,玩具和遊戲 > 遊戲 > 微型戰略遊戲
34,玩具和遊戲 > 遊戲 > 骰子遊戲
35,玩具和遊戲 > 遊戲 > 骰牌遊戲
36,玩具和遊戲 > 遊戲 > 紙牌遊戲
37,玩具和遊戲 > 遊戲 > 靈敏度遊戲
38,玩具和遊戲 > 遊戲 > 桌上遊戲
39,玩具和遊戲 > 遊戲
40,玩具和遊戲 > 拼圖
41,玩具和遊戲 > 騎乘玩具
42,玩具和遊戲 > 扮演遊戲
43,玩具和遊戲 > 玩具車
44,玩具和遊戲 > 遙控玩具
45,玩具和遊戲 > 益智玩具
46,玩具和遊戲 > 娃娃和娃娃屋
47,玩具和遊戲 > 積木
48,玩具和遊戲 > 可動玩偶
49,玩具和遊戲 > 電動玩具
50,玩具和遊戲
51,居家裝潢 > 冷暖空調
52,居家裝潢 > 建築器材和五金
53,居家裝潢 > 水管維修
54,居家裝潢 > 工具 > 梯子和鷹架
55,居家裝潢 > 工具 > 畫具
56,居家裝潢 > 工具 > 電動工具
57,居家裝潢 > 工具 > 測量工具和感測器
58,居家裝潢 > 工具 > 氣動工具
59,居家裝潢 > 工具 > 手工具
60,居家裝潢 > 工具
61,居家裝潢
62,運動用品 > 運動用品 > 冰上和滑輪曲棍球
63,運動用品 > 運動用品 > 英式橄欖球
64,運動用品 > 運動用品 > 網球和球拍運動
65,運動用品 > 運動用品 > 排球
66,運動用品 > 運動用品 > 高爾夫球
67,運動用品 > 運動用品 > 足球
68,運動用品 > 運動用品 > 美式足球
69,運動用品 > 運動用品 > 田徑運動
70,運動用品 > 運動用品 > 板球
71,運動用品 > 運動用品 > 曲棍球和袋棍球
72,運動用品 > 運動用品 > 拳擊與武術
73,運動用品 > 運動用品 > 舞蹈和體操
74,運動用品 > 運動用品 > 棒球和壘球
75,運動用品 > 運動用品 > 籃球
76,運動用品 > 運動用品
77,運動用品 > 運動和健身 > 瑜珈和皮拉提斯
78,運動用品 > 運動和健身 > 心肺訓練器材
79,運動用品 > 運動和健身 > 重量訓練器材
80,運動用品 > 運動和健身
81,運動用品 > 室內遊戲
82,運動用品 > 戶外休閒 > 釣魚
83,運動用品 > 戶外休閒 > 水上運動和划船
84,運動用品 > 戶外休閒 > 滑板
85,運動用品 > 戶外休閒 > 戶外遊戲
86,運動用品 > 戶外休閒 > 自行車用品
87,運動用品 > 戶外休閒 > 冬季運動
88,運動用品 > 戶外休閒 > 攀岩
89,運動用品 > 戶外休閒 > 直排輪和滑輪溜冰
90,運動用品 > 戶外休閒 > 露營與健行
91,運動用品 > 戶外休閒
92,運動用品
93,寵物用品 > 寵物提籃和圍欄
94,寵物用品 > 寵物美容用品
95,寵物用品 > 小型動物用品
96,寵物用品 > 寵物餵食和飲水用品
97,寵物用品 > 爬蟲類和兩棲類用品
98,寵物用品 > 寵物項圈、胸背帶和牽繩
99,寵物用品 > 寵物階梯和斜坡
100,寵物用品 > 鳥類用品
101,寵物用品 > 寵物護理和保健
102,寵物用品 > 寵物睡床和寢具
103,寵物用品 > 水族用品
104,寵物用品 > 貓用品
105,寵物用品 > 犬用品
106,寵物用品
107,露台和花園 > 澆水設備
108,露台和花園 > 池塘和水池造景
109,露台和花園 > 戶外發電設備
110,露台和花園 > 室外燈具
111,露台和花園 > 燒烤和戶外烹調
112,露台和花園 > 植物、種子和球莖
113,露台和花園 > 戶外家具
114,露台和花園 > 泳池和水療
115,露台和花園 > 植物養護、土壤和配件
116,露台和花園 > 花園裝飾
117,露台和花園 > 園藝手工具和設備
118,露台和花園
119,辦公用品 > 書寫用具
120,辦公用品 > 簡報和展示板
121,辦公用品 > 釘書機和打洞器
122,辦公用品 > 投影機
123,辦公用品 > 膠帶和黏著劑
124,辦公用品 > 歸檔和收納
125,辦公用品 > 固定夾和扣件
126,辦公用品 > 標籤
127,辦公用品 > 行事曆和規劃表
128,辦公用品 > 活頁夾和配件
129,辦公用品 > 辦公室用品和器材
130,辦公用品 > 郵寄用品
131,辦公用品 > 紙製品
132,辦公用品
133,樂器 > 專業音響設備
134,樂器 > 音樂配件
135,樂器 > 吉他和貝斯
136,樂器 > 銅管樂器
137,樂器 > 鼓和打擊樂器
138,樂器 > 鋼琴和鍵盤樂器
139,樂器 > 木管樂器
140,樂器 > 弦樂器
141,樂器
142,媒體 > 報紙
143,媒體 > 雜誌和型錄
144,媒體 > 書籍
145,媒體 > 電影和電視節目
146,媒體 > 音樂
147,媒體
148,旅行用品和行李箱 > 西裝袋
149,旅行用品和行李箱 > 旅遊配件
150,旅行用品和行李箱 > 手提包和皮夾 > 皮夾
151,旅行用品和行李箱 > 手提包和皮夾 > 劍橋包
152,旅行用品和行李箱 > 手提包和皮夾 > 斜背包
153,旅行用品和行李箱 > 手提包和皮夾 > 托特包
154,旅行用品和行李箱 > 手提包和皮夾 > 肩背包
155,旅行用品和行李箱 > 手提包和皮夾 > 手拿包
156,旅行用品和行李箱 > 手提包和皮夾 > 腰包
157,旅行用品和行李箱 > 手提包和皮夾
158,旅行用品和行李箱 > 行李箱
159,旅行用品和行李箱 > 圓筒包和運動包
160,旅行用品和行李箱 > 行李箱組
161,旅行用品和行李箱 > 公事包和筆電包
162,旅行用品和行李箱 > 後背包
163,旅行用品和行李箱
164,藝術品與手工藝品 > 手工藝品材料
165,藝術品與手工藝品 > 縫紉
166,藝術品與手工藝品 > 針織和毛線
167,藝術品與手工藝品 > 串珠和珠寶製作
168,藝術品與手工藝品 > 美術用品
169,藝術品與手工藝品
170,汽車零件和配件 > 拖車零件和配件
171,汽車零件和配件 > 越野車零件和配件
172,汽車零件和配件 > 休旅車和露營車零件和配件
173,汽車零件和配件 > 汽車零件和配件
174,汽車零件和配件 > 船隻零件和配件
175,汽車零件和配件 > 機車零件和配件
176,汽車零件和配件 > 汽車工具
177,汽車零件和配件
178,古董與收藏品 > 具收藏價值的運動紀念品
179,古董與收藏品 > 具收藏價值的家居用品
180,古董與收藏品 > 具收藏價值的電子產品
181,古董與收藏品 > 具收藏價值的硬幣和紙鈔
182,古董與收藏品 > 收藏用郵票
183,古董與收藏品 > 具收藏價值的家具
184,古董與收藏品 > 具收藏價值的用具
185,古董與收藏品 > 具收藏價值的玩具
186,古董與收藏品
187,嬰兒用品 > 嬰兒哺餵用品
188,嬰兒用品 > 嬰兒外出用品 > 嬰兒背帶
189,嬰兒用品 > 嬰兒外出用品 > 嬰兒推車和相關配件
190,嬰兒用品 > 嬰兒外出用品 > 兒童汽車座椅和相關配件
191,嬰兒用品 > 嬰兒外出用品
192,嬰兒用品 > 嬰兒安全和健康
193,嬰兒用品 > 嬰兒沐浴用品
194,嬰兒用品 > 玩具 > 活動中心和藝人
195,嬰兒用品 > 玩具 > 嬰兒玩具
196,嬰兒用品 > 玩具
197,嬰兒用品 > 如廁訓練
198,嬰兒用品 > 育嬰用品 > 嬰兒房寢具
199,嬰兒用品 > 育嬰用品 > 嬰兒房佈置
200,嬰兒用品 > 育嬰用品 > 嬰兒房家具
201,嬰兒用品 > 育嬰用品
202,嬰兒用品
203,電子產品 > 可攜式音訊和影片播放器
204,電子產品 > 家用影音設備
205,電子產品 > 居家保全和自動化
206,電子產品 > 手機和智慧型手錶 > 手機
207,電子產品 > 手機和智慧型手錶 > 手機和智慧型手錶配件
208,電子產品 > 手機和智慧型手錶 > 智慧型手錶
209,電子產品 > 手機和智慧型手錶
210,電子產品 > 投影機
211,電子產品 > 相機 > 雙筒望遠鏡和單筒望遠鏡
212,電子產品 > 相機 > 底片式相機
213,電子產品 > 相機 > 相機配件
214,電子產品 > 相機 > 空拍機
215,電子產品 > 相機 > 數位相機
216,電子產品 > 相機 > 攝影機
217,電子產品 > 相機
218,電子產品 > 電視和螢幕 > 電視
219,電子產品 > 電視和螢幕 > 電腦螢幕
220,電子產品 > 電視和螢幕
221,電子產品 > 軟體
222,電子產品 > 印表機和掃描器
223,電子產品 > 電視遊戲機和電玩遊戲 > 電玩遊戲配件
224,電子產品 > 電視遊戲機和電玩遊戲 > 電視遊戲機
225,電子產品 > 電視遊戲機和電玩遊戲 > 電玩遊戲
226,電子產品 > 電視遊戲機和電玩遊戲
227,電子產品 > 桌上型和平板電腦 > 平板電腦和電子書閱讀器
228,電子產品 > 桌上型和平板電腦 > 網路設備和伺服器
229,電子產品 > 桌上型和平板電腦 > 電腦零件和硬體
230,電子產品 > 桌上型和平板電腦 > 筆記型電腦
231,電子產品 > 桌上型和平板電腦 > 桌上型電腦
232,電子產品 > 桌上型和平板電腦
233,電子產品 > 飾品配件 > 電腦周邊設備
234,電子產品 > 飾品配件 > 電池和電源供應器
235,電子產品 > 飾品配件 > 空白儲存媒體
236,電子產品 > 飾品配件 > 線材、充電器和變壓器
237,電子產品 > 飾品配件
238,電子產品
239,健康和美容 > 健康保健 > 口腔保健
240,健康和美容 > 健康保健 > 急救護理
241,健康和美容 > 健康保健 > 女性私密護理
242,健康和美容 > 健康保健 > 視力保健
243,健康和美容 > 健康保健 > 按摩
244,健康和美容 > 健康保健 > 剃毛和除毛用具
245,健康和美容 > 健康保健
246,健康和美容 > 美容 > 護膚保養 > 助曬油和助曬乳
247,健康和美容 > 美容 > 護膚保養 > 護唇膏和唇部護理產品
248,健康和美容 > 美容 > 護膚保養 > 面膜
249,健康和美容 > 美容 > 護膚保養 > 去角質和磨砂
250,健康和美容 > 美容 > 護膚保養 > 臉部護膚乳和潤膚乳
251,健康和美容 > 美容 > 護膚保養 > 妙鼻貼
252,健康和美容 > 美容 > 護膚保養 > 晚霜
253,健康和美容 > 美容 > 護膚保養 > 防曬乳
254,健康和美容 > 美容 > 護膚保養 > 皮膚清潔刷和清潔系統
255,健康和美容 > 美容 > 護膚保養 > 粉刺和疤痕斑點治療
256,健康和美容 > 美容 > 護膚保養 > 洗面乳和化妝水
257,健康和美容 > 美容 > 護膚保養
258,健康和美容 > 美容 > 美甲 > 浮石
259,健康和美容 > 美容 > 美甲 > 指甲油和美甲片
260,健康和美容 > 美容 > 美甲 > 美甲工具
261,健康和美容 > 美容 > 美甲 > 人工指甲和配件
262,健康和美容 > 美容 > 美甲
263,健康和美容 > 美容 > 美妝 > 化妝工具和配件
264,健康和美容 > 美容 > 美妝 > 唇妝 > 豐唇霜
265,健康和美容 > 美容 > 美妝 > 唇妝 > 唇蜜
266,健康和美容 > 美容 > 美妝 > 唇妝 > 唇線筆
267,健康和美容 > 美容 > 美妝 > 唇妝 > 唇釉
268,健康和美容 > 美容 > 美妝 > 唇妝 > 口紅
269,健康和美容 > 美容 > 美妝 > 唇妝
270,健康和美容 > 美容 > 美妝 > 化妝套組
271,健康和美容 > 美容 > 美妝 > 臉部彩妝 > 粉底
272,健康和美容 > 美容 > 美妝 > 臉部彩妝 > 蜜粉
273,健康和美容 > 美容 > 美妝 > 臉部彩妝 > 腮紅
274,健康和美容 > 美容 > 美妝 > 臉部彩妝 > 古銅和打亮
275,健康和美容 > 美容 > 美妝 > 臉部彩妝 > 飾底乳
276,健康和美容 > 美容 > 美妝 > 臉部彩妝 > 遮瑕膏
277,健康和美容 > 美容 > 美妝 > 臉部彩妝 > bb、cc 和 aa 霜
278,健康和美容 > 美容 > 美妝 > 臉部彩妝
279,健康和美容 > 美容 > 美妝 > 眼妝 > 眉毛產品
280,健康和美容 > 美容 > 美妝 > 眼妝 > 眼線筆
281,健康和美容 > 美容 > 美妝 > 眼妝 > 睫毛膏
282,健康和美容 > 美容 > 美妝 > 眼妝 > 眼影
283,健康和美容 > 美容 > 美妝 > 眼妝 > 假睫毛和睫毛膠
284,健康和美容 > 美容 > 美妝 > 眼妝 > 眼妝打底霜
285,健康和美容 > 美容 > 美妝 > 眼妝
286,健康和美容 > 美容 > 美妝
287,健康和美容 > 美容 > 護髮和造型 > 洗髮精和潤髮乳
288,健康和美容 > 美容 > 護髮和造型 > 捲髮工具
289,健康和美容 > 美容 > 護髮和造型 > 直髮和捲髮器
290,健康和美容 > 美容 > 護髮和造型 > 美髮造型用品
291,健康和美容 > 美容 > 護髮和造型 > 護髮油和護髮素
292,健康和美容 > 美容 > 護髮和造型 > 束髮帶和造型配件
293,健康和美容 > 美容 > 護髮和造型 > 美髮剪刀
294,健康和美容 > 美容 > 護髮和造型 > 吹風機
295,健康和美容 > 美容 > 護髮和造型 > 接髮和假髮
296,健康和美容 > 美容 > 護髮和造型 > 刷子和梳子
297,健康和美容 > 美容 > 護髮和造型 > 染髮劑
298,健康和美容 > 美容 > 護髮和造型
299,健康和美容 > 美容 > 香氛 > 男用香水
300,健康和美容 > 美容 > 香氛 > 女用香水
301,健康和美容 > 美容 > 香氛 > 兒童香水
302,健康和美容 > 美容 > 香氛
303,健康和美容 > 美容 > 沐浴和身體用品 > 泡泡浴
304,健康和美容 > 美容 > 沐浴和身體用品 > 沐浴鹽
305,健康和美容 > 美容 > 沐浴和身體用品 > 身體乳液和乳霜
306,健康和美容 > 美容 > 沐浴和身體用品 > 沐浴乳和肥皂
307,健康和美容 > 美容 > 沐浴和身體用品 > 海綿和刷子
308,健康和美容 > 美容 > 沐浴和身體用品 > 磨砂和去角質用品
309,健康和美容 > 美容 > 沐浴和身體用品 > 沐浴油
310,健康和美容 > 美容 > 沐浴和身體用品 > 入浴球
311,健康和美容 > 美容 > 沐浴和身體用品
312,健康和美容 > 美容
313,健康和美容
314,珠寶和鐘錶 > 手錶 > 手錶配件
315,珠寶和鐘錶 > 手錶 > 兒童手錶
316,珠寶和鐘錶 > 手錶 > 男士手錶
317,珠寶和鐘錶 > 手錶 > 女用手錶
318,珠寶和鐘錶 > 手錶
319,珠寶和鐘錶 > 首飾 > 戒指
320,珠寶和鐘錶 > 首飾 > 項鍊
321,珠寶和鐘錶 > 首飾 > 首飾套組
322,珠寶和鐘錶 > 首飾 > 別針和胸針
323,珠寶和鐘錶 > 首飾 > 腳鍊
324,珠寶和鐘錶 > 首飾 > 吊飾和墜飾
325,珠寶和鐘錶 > 首飾 > 耳環
326,珠寶和鐘錶 > 首飾 > 美體飾品
327,珠寶和鐘錶 > 首飾 > 手鐲
328,珠寶和鐘錶 > 首飾
329,珠寶和鐘錶
330,居家 > 清潔用品 > 清潔用品和化學製品
331,居家 > 清潔用品 > 吸塵器和地板清潔劑
332,居家 > 清潔用品 > 洗衣用品
333,居家 > 清潔用品
334,居家 > 大型家電 > 焗爐和烤箱
335,居家 > 大型家電 > 冰箱和冷凍庫
336,居家 > 大型家電 > 洗衣機和烘乾機
337,居家 > 大型家電 > 微波爐
338,居家 > 大型家電 > 洗碗機
339,居家 > 大型家電
340,居家 > 寢具 > 棉被
341,居家 > 寢具 > 床墊和保潔墊
342,居家 > 寢具 > 羽絨被套
343,居家 > 寢具 > 毛毯和披毯
344,居家 > 寢具 > 床單、被子和被套
345,居家 > 寢具 > 床裙
346,居家 > 寢具 > 床單和枕頭套
347,居家 > 寢具 > 床包組
348,居家 > 寢具 > 枕頭和翻身枕
349,居家 > 寢具
350,居家 > 家具 > 客廳家具
351,居家 > 家具 > 辦公室家具
352,居家 > 家具 > 餐廳家具
353,居家 > 家具 > 臥室家具
354,居家 > 家具
355,居家 > 居家用品 > 收納
356,居家 > 居家用品 > 燈具和照明
357,居家 > 居家用品 > 廚房和餐飲 > 廚房小家電
358,居家 > 居家用品 > 廚房和餐飲 > 扁平餐具
359,居家 > 居家用品 > 廚房和餐飲 > 晚餐廚具
360,居家 > 居家用品 > 廚房和餐飲 > 廚房工具和器具
361,居家 > 居家用品 > 廚房和餐飲 > 烘焙用具
362,居家 > 居家用品 > 廚房和餐飲 > 杯壺飲器
363,居家 > 居家用品 > 廚房和餐飲 > 廚具
364,居家 > 居家用品 > 廚房和餐飲 > 酒具
365,居家 > 居家用品 > 廚房和餐飲
366,居家 > 居家用品 > 沐浴 > 毛巾和浴巾
367,居家 > 居家用品 > 沐浴 > 沐浴配件
368,居家 > 居家用品 > 沐浴
369,居家 > 居家用品 > 居家裝飾 > 節慶和季節家飾
370,居家 > 居家用品 > 居家裝飾 > 墊子和地毯
371,居家 > 居家用品 > 居家裝飾 > 窗飾和窗五金
372,居家 > 居家用品 > 居家裝飾 > 居家香氛
373,居家 > 居家用品 > 居家裝飾 > 時鐘
374,居家 > 居家用品 > 居家裝飾 > 家飾品
375,居家 > 居家用品 > 居家裝飾
376,居家 > 居家用品
377,居家
378,服飾和配件 > 服裝配件 > 女用配件 > 皮帶
379,服飾和配件 > 服裝配件 > 女用配件 > 分指和連指手套
380,服飾和配件 > 服裝配件 > 女用配件 > 太陽眼鏡
381,服飾和配件 > 服裝配件 > 女用配件 > 圍巾和披肩
382,服飾和配件 > 服裝配件 > 女用配件 > 帽子
383,服飾和配件 > 服裝配件 > 女用配件
384,服飾和配件 > 服裝配件 > 男用配件 > 領帶
385,服飾和配件 > 服裝配件 > 男用配件 > 皮帶
386,服飾和配件 > 服裝配件 > 男用配件 > 帽子
387,服飾和配件 > 服裝配件 > 男用配件 > 吊帶褲
388,服飾和配件 > 服裝配件 > 男用配件 > 太陽眼鏡
389,服飾和配件 > 服裝配件 > 男用配件 > 分指和連指手套
390,服飾和配件 > 服裝配件 > 男用配件 > 圍巾
391,服飾和配件 > 服裝配件 > 男用配件
392,服飾和配件 > 服裝配件 > 女童配件 > 帽子
393,服飾和配件 > 服裝配件 > 女童配件 > 分指和連指手套
394,服飾和配件 > 服裝配件 > 女童配件 > 皮帶
395,服飾和配件 > 服裝配件 > 女童配件 > 圍巾
396,服飾和配件 > 服裝配件 > 女童配件 > 太陽眼鏡
397,服飾和配件 > 服裝配件 > 女童配件
398,服飾和配件 > 服裝配件 > 男童配件 > 領帶
399,服飾和配件 > 服裝配件 > 男童配件 > 吊帶褲
400,服飾和配件 > 服裝配件 > 男童配件 > 皮夾
401,服飾和配件 > 服裝配件 > 男童配件 > 分指和連指手套
402,服飾和配件 > 服裝配件 > 男童配件 > 帽子
403,服飾和配件 > 服裝配件 > 男童配件 > 圍巾
404,服飾和配件 > 服裝配件 > 男童配件 > 皮帶
405,服飾和配件 > 服裝配件 > 男童配件 > 太陽眼鏡
406,服飾和配件 > 服裝配件 > 男童配件
407,服飾和配件 > 服裝配件
408,服飾和配件 > 鞋類 > 女鞋 > 靴子
409,服飾和配件 > 鞋類 > 女鞋 > 跟鞋
410,服飾和配件 > 鞋類 > 女鞋 > 時尚球鞋
411,服飾和配件 > 鞋類 > 女鞋 > 拖鞋
412,服飾和配件 > 鞋類 > 女鞋 > 涼鞋
413,服飾和配件 > 鞋類 > 女鞋 > 平底鞋
414,服飾和配件 > 鞋類 > 女鞋 > 運動鞋
415,服飾和配件 > 鞋類 > 女鞋
416,服飾和配件 > 鞋類 > 男鞋 > 涼鞋
417,服飾和配件 > 鞋類 > 男鞋 > 休閒鞋和正裝鞋
418,服飾和配件 > 鞋類 > 男鞋 > 靴子
419,服飾和配件 > 鞋類 > 男鞋 > 運動鞋
420,服飾和配件 > 鞋類 > 男鞋 > 拖鞋
421,服飾和配件 > 鞋類 > 男鞋 > 時尚球鞋
422,服飾和配件 > 鞋類 > 男鞋
423,服飾和配件 > 鞋類 > 兒童鞋款 > 男童鞋款
424,服飾和配件 > 鞋類 > 嬰兒鞋款 > 男嬰鞋款
425,服飾和配件 > 鞋類 > 兒童鞋款 > 女嬰鞋款
426,服飾和配件 > 鞋類 > 嬰兒鞋款 > 女嬰鞋款
427,服飾和配件 > 鞋類 > 兒童鞋款
428,服飾和配件 > 鞋類 > 嬰兒鞋款
429,服飾和配件 > 鞋類
430,服飾和配件 > 服飾 > 女裝 > 上衣 > 上衣和 t 恤
431,服飾和配件 > 服飾 > 女裝 > 緊身褲、襪子和其他襪類 > 襪子
432,服飾和配件 > 服飾 > 女裝 > 緊身褲、襪子和其他襪類 > 暖腿襪套
433,服飾和配件 > 服飾 > 女裝 > 緊身褲、襪子和其他襪類 > 褲襪和緊身褲
434,服飾和配件 > 服飾 > 女裝 > 緊身褲、襪子和其他襪類 > 長統襪和大腿襪
435,服飾和配件 > 服飾 > 女裝 > 緊身褲、襪子和其他襪類
436,服飾和配件 > 服飾 > 女裝 > 運動衫和連帽衫
437,服飾和配件 > 服飾 > 女裝 > 泳裝
438,服飾和配件 > 服飾 > 女裝 > 上衣 > 套裝和西裝外套
439,服飾和配件 > 服飾 > 女裝 > 短褲
440,服飾和配件 > 服飾 > 女裝 > 毛衣
441,服飾和配件 > 服飾 > 女裝 > 褲裝 > 褲裝
442,服飾和配件 > 服飾 > 女裝 > 褲裝 > 裙子
443,服飾和配件 > 服飾 > 女裝 > 洋裝
444,服飾和配件 > 服飾 > 女裝 > 內睡衣 > 睡衣
445,服飾和配件 > 服飾 > 女裝 > 內睡衣 > 內衣
446,服飾和配件 > 服飾 > 女裝 > 內睡衣 > 連身襯裙
447,服飾和配件 > 服飾 > 女裝 > 內睡衣 > 內衣
448,服飾和配件 > 服飾 > 女裝 > 內睡衣 > 塑身衣
449,服飾和配件 > 服飾 > 女裝 > 內睡衣
450,服飾和配件 > 服飾 > 女裝 > 褲裝 > 牛仔褲
451,服飾和配件 > 服飾 > 女裝 > 連身褲和連身衣
452,服飾和配件 > 服飾 > 女裝 > 內搭褲
453,服飾和配件 > 服飾 > 女裝 > 機能運動服飾
454,服飾和配件 > 服飾 > 女裝 > 上衣 > 大衣和外套
455,服飾和配件 > 服飾 > 女裝
456,服飾和配件 > 服飾 > 男裝 > 褲裝 > 內衣
457,服飾和配件 > 服飾 > 男裝 > 泳裝
458,服飾和配件 > 服飾 > 男裝 > 運動衫和連帽衫
459,服飾和配件 > 服飾 > 男裝 > 上衣 > t 恤
460,服飾和配件 > 服飾 > 男裝 > 睡衣
461,服飾和配件 > 服飾 > 男裝 > 西裝
462,服飾和配件 > 服飾 > 男裝 > 上衣 > 西裝襯衫
463,服飾和配件 > 服飾 > 男裝 > 褲裝 > 牛仔褲
464,服飾和配件 > 服飾 > 男裝 > 襪子
465,服飾和配件 > 服飾 > 男裝 > 短褲
466,服飾和配件 > 服飾 > 男裝 > 毛衣
467,服飾和配件 > 服飾 > 男裝 > 褲裝
468,服飾和配件 > 服飾 > 男裝 > 機能運動服飾
469,服飾和配件 > 服飾 > 男裝 > 上衣 > 西裝外套和運動外套
470,服飾和配件 > 服飾 > 男裝 > 大衣和外套
471,服飾和配件 > 服飾 > 男裝 > 休閒櫬衫
472,服飾和配件 > 服飾 > 男裝
473,服飾和配件 > 服飾 > 童裝 > 女童服飾 > 泳裝
474,服飾和配件 > 服飾 > 童裝 > 女童服飾 > 內衣
475,服飾和配件 > 服飾 > 童裝 > 女童服飾 > 上衣和 t 恤
476,服飾和配件 > 服飾 > 童裝 > 女童服飾 > 運動衫和連帽衫
477,服飾和配件 > 服飾 > 童裝 > 女童服飾 > 裙子
478,服飾和配件 > 服飾 > 童裝 > 女童服飾 > 襪子和緊身褲
479,服飾和配件 > 服飾 > 童裝 > 女童服飾 > 短褲
480,服飾和配件 > 服飾 > 童裝 > 女童服飾 > 睡衣
481,服飾和配件 > 服飾 > 童裝 > 女童服飾 > 褲裝
482,服飾和配件 > 服飾 > 童裝 > 女童服飾 > 毛衣
483,服飾和配件 > 服飾 > 童裝 > 女童服飾 > 外套
484,服飾和配件 > 服飾 > 童裝 > 女童服飾 > 牛仔褲
485,服飾和配件 > 服飾 > 童裝 > 女童服飾 > 連身褲和連身衣
486,服飾和配件 > 服飾 > 童裝 > 女童服飾 > 內搭褲
487,服飾和配件 > 服飾 > 童裝 > 女童服飾 > 套裝
488,服飾和配件 > 服飾 > 童裝 > 女童服飾 > 洋裝
489,服飾和配件 > 服飾 > 童裝 > 女童服飾
490,服飾和配件 > 服飾 > 童裝 > 男童服飾 > 襪子
491,服飾和配件 > 服飾 > 童裝 > 男童服飾 > 西裝
492,服飾和配件 > 服飾 > 童裝 > 男童服飾 > 內衣
493,服飾和配件 > 服飾 > 童裝 > 男童服飾 > 運動衫和連帽衫
494,服飾和配件 > 服飾 > 童裝 > 男童服飾 > 毛衣
495,服飾和配件 > 服飾 > 童裝 > 男童服飾 > 泳裝
496,服飾和配件 > 服飾 > 童裝 > 男童服飾 > 上衣和 t 恤
497,服飾和配件 > 服飾 > 童裝 > 男童服飾 > 睡衣
498,服飾和配件 > 服飾 > 童裝 > 男童服飾 > 套裝
499,服飾和配件 > 服飾 > 童裝 > 男童服飾 > 褲裝
500,服飾和配件 > 服飾 > 童裝 > 男童服飾 > 短褲
501,服飾和配件 > 服飾 > 童裝 > 男童服飾 > 牛仔褲
502,服飾和配件 > 服飾 > 童裝 > 男童服飾 > 外套
503,服飾和配件 > 服飾 > 童裝 > 男童服飾
504,服飾和配件 > 服飾 > 童裝
505,服飾和配件 > 服飾 > 嬰兒服飾 > 女嬰服飾 > 上衣
506,服飾和配件 > 服飾 > 嬰兒服飾 > 女嬰服飾 > 泳裝
507,服飾和配件 > 服飾 > 嬰兒服飾 > 女嬰服飾 > 洋裝
508,服飾和配件 > 服飾 > 嬰兒服飾 > 女嬰服飾 > 睡衣
509,服飾和配件 > 服飾 > 嬰兒服飾 > 女嬰服飾 > 外套
510,服飾和配件 > 服飾 > 嬰兒服飾 > 女嬰服飾 > 褲裝
511,服飾和配件 > 服飾 > 嬰兒服飾 > 女嬰服飾 > 毛衣
512,服飾和配件 > 服飾 > 嬰兒服飾 > 女嬰服飾 > 套裝
513,服飾和配件 > 服飾 > 嬰兒服飾 > 女嬰服飾 > 襪子
514,服飾和配件 > 服飾 > 嬰兒服飾 > 女嬰服飾 > 連身衣
515,服飾和配件 > 服飾 > 嬰兒服飾 > 女嬰服飾
516,服飾和配件 > 服飾 > 嬰兒服飾 > 男嬰服飾 > 西裝
517,服飾和配件 > 服飾 > 嬰兒服飾 > 男嬰服飾 > 泳裝
518,服飾和配件 > 服飾 > 嬰兒服飾 > 男嬰服飾 > 毛衣
519,服飾和配件 > 服飾 > 嬰兒服飾 > 男嬰服飾 > 襪子
520,服飾和配件 > 服飾 > 嬰兒服飾 > 男嬰服飾 > 上衣
521,服飾和配件 > 服飾 > 嬰兒服飾 > 男嬰服飾 > 連身衣
522,服飾和配件 > 服飾 > 嬰兒服飾 > 男嬰服飾 > 睡衣
523,服飾和配件 > 服飾 > 嬰兒服飾 > 男嬰服飾 > 褲裝
524,服飾和配件 > 服飾 > 嬰兒服飾 > 男嬰服飾 > 外套
525,服飾和配件 > 服飾 > 嬰兒服飾 > 男嬰服飾 > 套裝
526,服飾和配件 > 服飾 > 嬰兒服飾 > 男嬰服飾
527,服飾和配件 > 服飾 > 嬰兒服飾
528,服飾和配件 > 服飾
529,服飾和配件
530,其他
535,服飾和配件 > 服飾 > 男裝 > 上衣
536,服飾和配件 > 服飾 > 男裝 > 上衣 > 運動服上衣
537,服飾和配件 > 服飾 > 男裝 > 上衣 > sleepwear tops
538,服飾和配件 > 服飾 > 男裝 > 褲裝
539,服飾和配件 > 服飾 > 男裝 > 褲裝 > activewear bottoms
540,服飾和配件 > 服飾 > 男裝 > 褲裝 > sleepwear bottoms
541,服飾和配件 > 服飾 > 女裝 > 上衣
542,服飾和配件 > 服飾 > 女裝 > 上衣 > 運動服上衣
543,服飾和配件 > 服飾 > 女裝 > 上衣 > swimwear tops
544,服飾和配件 > 服飾 > 女裝 > 褲裝
545,服飾和配件 > 服飾 > 女裝 > 褲裝 > swimwear bottoms
546,服飾和配件 > 服飾 > 男裝 > 泳裝
547,嬰兒用品 > 嬰兒沐浴用品 > 嬰兒體重計
548,嬰兒用品 > 嬰兒沐浴用品 > 沐浴配件
549,嬰兒用品 > 嬰兒沐浴用品 > 澡盆座椅和游泳圈
550,嬰兒用品 > 嬰兒沐浴用品 > 浴缸
551,嬰兒用品 > 嬰兒沐浴用品 > 洗髮精和肥皂
552,嬰兒用品 > 嬰兒沐浴用品 > 洗頭帽
553,嬰兒用品 > 嬰兒沐浴用品 > 護膚保養
554,嬰兒用品 > 嬰兒沐浴用品 > 毛巾和小方巾
555,嬰兒用品 > 嬰兒哺餵用品 > 副食品
556,嬰兒用品 > 嬰兒哺餵用品 > 口水巾
557,嬰兒用品 > 嬰兒哺餵用品 > 輔助餐椅
558,嬰兒用品 > 嬰兒哺餵用品 > 瓶餵用品
559,嬰兒用品 > 嬰兒哺餵用品 > 瓶餵用品 > 嬰兒奶瓶
560,嬰兒用品 > 嬰兒哺餵用品 > 瓶餵用品 > 嬰兒配方奶粉
561,嬰兒用品 > 嬰兒哺餵用品 > 瓶餵用品 > 水壺袋
562,嬰兒用品 > 嬰兒哺餵用品 > 瓶餵用品 > 洗瓶刷
563,嬰兒用品 > 嬰兒哺餵用品 > 瓶餵用品 > 奶瓶瀝水架
564,嬰兒用品 > 嬰兒哺餵用品 > 瓶餵用品 > 奶瓶奶嘴
565,嬰兒用品 > 嬰兒哺餵用品 > 瓶餵用品 > 奶瓶消毒器和清潔用品
566,嬰兒用品 > 嬰兒哺餵用品 > 瓶餵用品 > 溫奶器
567,嬰兒用品 > 嬰兒哺餵用品 > 瓶餵用品 > 奶粉盒
568,嬰兒用品 > 嬰兒哺餵用品 > 親餵和哺乳
569,嬰兒用品 > 嬰兒哺餵用品 > 親餵和哺乳 > 母乳儲存器具
570,嬰兒用品 > 嬰兒哺餵用品 > 親餵和哺乳 > 擠乳器零件和配件
571,嬰兒用品 > 嬰兒哺餵用品 > 親餵和哺乳 > 集乳器
572,嬰兒用品 > 嬰兒哺餵用品 > 親餵和哺乳 > 哺乳巾
573,嬰兒用品 > 嬰兒哺餵用品 > 親餵和哺乳 > 防溢乳墊和保護罩
574,嬰兒用品 > 嬰兒哺餵用品 > 親餵和哺乳 > 哺乳枕和枕套
575,嬰兒用品 > 嬰兒哺餵用品 > 食物研磨機和調理機
576,嬰兒用品 > 嬰兒哺餵用品 > 高腳椅
577,嬰兒用品 > 嬰兒哺餵用品 > 餐具
578,嬰兒用品 > 嬰兒哺餵用品 > 餐具 > 碗盤
579,嬰兒用品 > 嬰兒哺餵用品 > 餐具 > 杯具
580,嬰兒用品 > 嬰兒哺餵用品 > 餐具 > 餵食器套組
581,嬰兒用品 > 嬰兒哺餵用品 > 餐具 > 餐具
582,嬰兒用品 > 嬰兒用品
583,嬰兒用品 > 嬰兒用品 > 兒童潛能開發益智玩具
584,嬰兒用品 > 嬰兒用品 > 兒童搖籃
585,嬰兒用品 > 嬰兒用品 > 彈跳椅和振動椅
586,嬰兒用品 > 嬰兒用品 > 彈跳椅和運動器材
587,嬰兒用品 > 嬰兒用品 > 遊戲地墊和健力架
588,嬰兒用品 > 嬰兒用品 > 遊戲帳篷和遮陽棚
589,嬰兒用品 > 嬰兒用品 > 遊戲圍欄
590,嬰兒用品 > 嬰兒用品 > 助行器
591,嬰兒用品 > 嬰兒安全和健康 > 嬰兒健康
592,嬰兒用品 > 嬰兒安全和健康 > 嬰兒健康 > 嬰兒用溫度計
593,嬰兒用品 > 嬰兒安全和健康 > 嬰兒健康 > 健康和美容套組
594,嬰兒用品 > 嬰兒安全和健康 > 嬰兒健康 > 聽力保護設備
595,嬰兒用品 > 嬰兒安全和健康 > 嬰兒健康 > 吸鼻器
596,嬰兒用品 > 嬰兒安全和健康 > 嬰兒健康 > 奶嘴夾
597,嬰兒用品 > 嬰兒安全和健康 > 嬰兒健康 > 奶嘴濕巾
598,嬰兒用品 > 嬰兒安全和健康 > 嬰兒健康 > 奶嘴和固齒器
599,嬰兒用品 > 嬰兒安全和健康 > 嬰兒安全
600,嬰兒用品 > 嬰兒安全和健康 > 嬰兒安全 > 嬰兒監控器
601,嬰兒用品 > 嬰兒安全和健康 > 嬰兒安全 > 嬰兒防護用品
602,嬰兒用品 > 嬰兒安全和健康 > 嬰兒安全 > 嬰兒防護用品 > 邊角防撞條
603,嬰兒用品 > 嬰兒安全和健康 > 嬰兒安全 > 嬰兒防護用品 > 鎖和閂
604,嬰兒用品 > 嬰兒安全和健康 > 嬰兒安全 > 嬰兒防護用品 > 插座蓋
605,嬰兒用品 > 嬰兒安全和健康 > 嬰兒安全 > 嬰兒防護用品 > 瓦斯爐擋板
606,嬰兒用品 > 嬰兒安全和健康 > 嬰兒安全 > 床邊護欄
607,嬰兒用品 > 嬰兒安全和健康 > 嬰兒安全 > 汽車貼紙
608,嬰兒用品 > 嬰兒安全和健康 > 嬰兒安全 > 安全門欄
609,嬰兒用品 > 嬰兒安全和健康 > 嬰兒安全 > 安全胸背帶和牽繩
610,嬰兒用品 > 嬰兒安全和健康 > 嬰兒安全 > 購物車套
611,嬰兒用品 > 嬰兒外出用品 > 嬰兒背帶 > 後背包
612,嬰兒用品 > 嬰兒外出用品 > 嬰兒背帶 > 抱嬰帶
613,嬰兒用品 > 嬰兒外出用品 > 嬰兒背帶 > 吊具
614,嬰兒用品 > 嬰兒外出用品 > 嬰兒背帶 > 軟結構式背帶
615,嬰兒用品 > 嬰兒外出用品 > 嬰兒背帶 > 包裹式背巾
616,嬰兒用品 > 嬰兒外出用品 > 兒童汽車座椅和相關配件 > 安全座椅
617,嬰兒用品 > 嬰兒外出用品 > 兒童汽車座椅和相關配件 > 兒童汽車座椅相關配件
618,嬰兒用品 > 嬰兒外出用品 > 兒童汽車座椅和相關配件 > 可調整汽車安全座椅
619,嬰兒用品 > 嬰兒外出用品 > 兒童汽車座椅和相關配件 > 頭部支撐器
620,嬰兒用品 > 嬰兒外出用品 > 兒童汽車座椅和相關配件 > 嬰兒汽車安全座椅
621,嬰兒用品 > 嬰兒外出用品 > 嬰兒推車和相關配件 > 睡籃
622,嬰兒用品 > 嬰兒外出用品 > 嬰兒推車和相關配件 > covers & canopies
623,嬰兒用品 > 嬰兒外出用品 > 嬰兒推車和相關配件 > cup holders & trays
624,嬰兒用品 > 嬰兒外出用品 > 嬰兒推車和相關配件 > 腳套
625,嬰兒用品 > 嬰兒外出用品 > 嬰兒推車和相關配件 > hooks
626,嬰兒用品 > 嬰兒外出用品 > 嬰兒推車和相關配件 > 整理袋和收納網
627,嬰兒用品 > 嬰兒外出用品 > 嬰兒推車和相關配件 > seat liners
628,嬰兒用品 > 嬰兒外出用品 > 嬰兒推車和相關配件 > 推車零件
629,嬰兒用品 > 嬰兒外出用品 > 嬰兒推車和相關配件 > stroller toys
630,嬰兒用品 > 嬰兒外出用品 > 嬰兒推車和相關配件 > strollers
631,嬰兒用品 > 如廁訓練 > 尿布
632,嬰兒用品 > 如廁訓練 > 尿布 > 嬰兒濕紙巾
633,嬰兒用品 > 如廁訓練 > 尿布 > 尿布墊
634,嬰兒用品 > 如廁訓練 > 尿布 > 尿布袋
635,嬰兒用品 > 如廁訓練 > 尿布 > 尿布更換備品組合
636,嬰兒用品 > 如廁訓練 > 尿布 > 尿布兜
637,嬰兒用品 > 如廁訓練 > 尿布 > 尿布處理器
638,嬰兒用品 > 如廁訓練 > 尿布 > 尿布疊放袋
639,嬰兒用品 > 如廁訓練 > 尿布 > 尿布
640,嬰兒用品 > 如廁訓練 > 尿布 > 尿布 > 布尿布
641,嬰兒用品 > 如廁訓練 > 尿布 > 尿布 > 拋棄式尿布
642,嬰兒用品 > 如廁訓練 > 尿布 > 尿布 > 游泳尿布
643,嬰兒用品 > 如廁訓練 > 尿布 > 溼紙巾加熱機
644,嬰兒用品 > 如廁訓練 > 訓練如廁
645,嬰兒用品 > 如廁訓練 > 訓練如廁 > 坐便器
646,嬰兒用品 > 如廁訓練 > 訓練如廁 > 如廁訓練組
647,嬰兒用品 > 如廁訓練 > 訓練如廁 > 如廁訓練褲
648,嬰兒用品 > 如廁訓練 > 訓練如廁 > 坐墊套
649,嬰兒用品 > 如廁訓練 > 訓練如廁 > 踏腳凳
650,嬰兒用品 > 紀念品和禮品組
651,嬰兒用品 > 育嬰用品 > 嬰兒房寢具 > 床幔
652,嬰兒用品 > 育嬰用品 > 嬰兒房寢具 > 睡枕
653,嬰兒用品 > 育嬰用品 > 嬰兒房寢具 > 毛毯和披毯
654,嬰兒用品 > 育嬰用品 > 嬰兒房寢具 > 保險桿
655,嬰兒用品 > 育嬰用品 > 嬰兒房寢具 > 嬰兒床墊
656,嬰兒用品 > 育嬰用品 > 嬰兒房寢具 > 嬰兒床圍
657,嬰兒用品 > 育嬰用品 > 嬰兒房寢具 > 被套和棉被
658,嬰兒用品 > 育嬰用品 > 嬰兒房寢具 > 床墊和床墊套
659,嬰兒用品 > 育嬰用品 > 嬰兒房寢具 > 嬰兒房寢具組
660,嬰兒用品 > 育嬰用品 > 嬰兒房寢具 > 枕頭套
661,嬰兒用品 > 育嬰用品 > 嬰兒房寢具 > 被子和被套
662,嬰兒用品 > 育嬰用品 > 嬰兒房寢具 > 睡袋和防踢睡袍
663,嬰兒用品 > 育嬰用品 > 嬰兒房佈置 > 盒子和收納用品
664,嬰兒用品 > 育嬰用品 > 嬰兒房佈置 > 時鐘
665,嬰兒用品 > 育嬰用品 > 嬰兒房佈置 > 窗簾和百葉窗
666,嬰兒用品 > 育嬰用品 > 嬰兒房佈置 > 燈具和照明
667,嬰兒用品 > 育嬰用品 > 嬰兒房佈置 > 地墊和地毯
668,嬰兒用品 > 育嬰用品 > 嬰兒房佈置 > 手機
669,嬰兒用品 > 育嬰用品 > 嬰兒房佈置 > 撲滿
670,嬰兒用品 > 育嬰用品 > 嬰兒房佈置 > 雪花水晶球
671,嬰兒用品 > 育嬰用品 > 嬰兒房佈置 > 牆面裝飾
672,嬰兒用品 > 育嬰用品 > 嬰兒房家具 > 嬰兒衣櫃
673,嬰兒用品 > 育嬰用品 > 嬰兒房家具 > 睡籃和搖籃
674,嬰兒用品 > 育嬰用品 > 嬰兒房家具 > 床邊嬰兒床
675,嬰兒用品 > 育嬰用品 > 嬰兒房家具 > 椅子
676,嬰兒用品 > 育嬰用品 > 嬰兒房家具 > 尿布更換台
677,嬰兒用品 > 育嬰用品 > 嬰兒房家具 > 嬰兒床墊
678,嬰兒用品 > 育嬰用品 > 嬰兒房家具 > 嬰兒床
679,嬰兒用品 > 育嬰用品 > 嬰兒房家具 > 嬰兒房家具組
680,嬰兒用品 > 玩具 > 嬰兒玩具 > 字母學習玩具
681,嬰兒用品 > 玩具 > 嬰兒玩具 > 幼兒圖書
682,嬰兒用品 > 玩具 > 嬰兒玩具 > 嬰兒安撫奶嘴
683,嬰兒用品 > 玩具 > 嬰兒玩具 > 洗澡玩具
684,嬰兒用品 > 玩具 > 嬰兒玩具 > 積木、分類和堆疊玩具
685,嬰兒用品 > 玩具 > 嬰兒玩具 > 絨毛玩具
686,嬰兒用品 > 玩具 > 嬰兒玩具 > 推拉玩具
687,嬰兒用品 > 玩具 > 嬰兒玩具 > 手搖鈴
688,服飾和配件 > 服裝配件 > 新生兒和嬰幼兒時尚配件
689,服飾和配件 > 服裝配件 > 新生兒和嬰幼兒時尚配件 > 手提袋
690,服飾和配件 > 服裝配件 > 新生兒和嬰幼兒時尚配件 > 皮帶
691,服飾和配件 > 服裝配件 > 新生兒和嬰幼兒時尚配件 > 分指和連指手套
692,服飾和配件 > 服裝配件 > 新生兒和嬰幼兒時尚配件 > 帽子
693,服飾和配件 > 服裝配件 > 新生兒和嬰幼兒時尚配件 > 圍巾
694,服飾和配件 > 服裝配件 > 新生兒和嬰幼兒時尚配件 > 太陽眼鏡
695,服飾和配件 > 服裝配件 > 新生兒和嬰幼兒時尚配件 > 領帶
696,服飾和配件 > 戲服
697,服飾和配件 > 戲服 > 男童扮裝服飾
698,服飾和配件 > 戲服 > 扮裝服飾和配件
699,服飾和配件 > 戲服 > 扮裝服飾和配件 > 手提袋和手拿包
700,服飾和配件 > 戲服 > 扮裝服飾和配件 > 腰帶和飾帶
701,服飾和配件 > 戲服 > 扮裝服飾和配件 > 羽毛條和花環
702,服飾和配件 > 戲服 > 扮裝服飾和配件 > 披風和斗篷
703,服飾和配件 > 戲服 > 扮裝服飾和配件 > 王冠和頭飾
704,服飾和配件 > 戲服 > 扮裝服飾和配件 > 臉部彩繪和化妝
705,服飾和配件 > 戲服 > 扮裝服飾和配件 > 扇子和陽傘
706,服飾和配件 > 戲服 > 扮裝服飾和配件 > 眼鏡和護目鏡
707,服飾和配件 > 戲服 > 扮裝服飾和配件 > 手套
708,服飾和配件 > 戲服 > 扮裝服飾和配件 > 帽子和頭飾
709,服飾和配件 > 戲服 > 扮裝服飾和配件 > 面膜
710,服飾和配件 > 戲服 > 扮裝服飾和配件 > 道具和手把件
711,服飾和配件 > 戲服 > 扮裝服飾和配件 > 義肢
712,服飾和配件 > 戲服 > 扮裝服飾和配件 > 鞋類
713,服飾和配件 > 戲服 > 扮裝服飾和配件 > 假髮和鬍鬚
714,服飾和配件 > 戲服 > 扮裝服飾和配件 > 翅膀、尾巴、耳朵和鼻子
715,服飾和配件 > 戲服 > 女生扮裝服飾
716,服飾和配件 > 戲服 > 嬰幼兒扮裝服飾
717,服飾和配件 > 戲服 > 男性服飾
718,服飾和配件 > 戲服 > 中性扮裝服飾
719,服飾和配件 > 戲服 > 女性服飾
720,服飾和配件 > 鞋類 > 兒童鞋款 > 男嬰鞋款
721,服飾和配件 > 鞋類 > 兒童鞋款 > 女嬰鞋款
722,服飾和配件 > 服飾 > 嬰兒服飾 > 男嬰服飾 > 運動衫和連帽衫
723,服飾和配件 > 服飾 > 嬰兒服飾 > 男嬰服飾 > t 恤
724,服飾和配件 > 服飾 > 嬰兒服飾 > 男嬰服飾 > 內衣
725,服飾和配件 > 服飾 > 嬰兒服飾 > 女嬰服飾 > 裙子
726,服飾和配件 > 服飾 > 嬰兒服飾 > 女嬰服飾 > 運動衫和連帽衫
727,服飾和配件 > 服飾 > 嬰兒服飾 > 女嬰服飾 > t 恤
728,服飾和配件 > 服飾 > 嬰兒服飾 > 女嬰服飾 > 褲襪
729,服飾和配件 > 服飾 > 嬰兒服飾 > 女嬰服飾 > 內衣
730,服飾和配件 > 服飾 > 嬰兒服飾 > 新生兒和嬰幼兒時尚配件
731,服飾和配件 > 服飾 > 嬰兒服飾 > 新生兒和嬰幼兒時尚配件 > 手提袋
732,服飾和配件 > 服飾 > 嬰兒服飾 > 新生兒和嬰幼兒時尚配件 > 皮帶
733,服飾和配件 > 服飾 > 嬰兒服飾 > 新生兒和嬰幼兒時尚配件 > 分指和連指手套
734,服飾和配件 > 服飾 > 嬰兒服飾 > 新生兒和嬰幼兒時尚配件 > 帽子
735,服飾和配件 > 服飾 > 嬰兒服飾 > 中性新生兒及嬰幼兒服裝
736,服飾和配件 > 服飾 > 嬰兒服飾 > 中性新生兒及嬰幼兒服裝 > 連身衣
737,服飾和配件 > 服飾 > 嬰兒服飾 > 中性新生兒及嬰幼兒服裝 > 褲裝
738,服飾和配件 > 服飾 > 嬰兒服飾 > 中性新生兒及嬰幼兒服裝 > 外套
739,服飾和配件 > 服飾 > 嬰兒服飾 > 中性新生兒及嬰幼兒服裝 > 套裝
740,服飾和配件 > 服飾 > 嬰兒服飾 > 中性新生兒及嬰幼兒服裝 > 睡衣
741,服飾和配件 > 服飾 > 嬰兒服飾 > 中性新生兒及嬰幼兒服裝 > 襪子
742,服飾和配件 > 服飾 > 嬰兒服飾 > 中性新生兒及嬰幼兒服裝 > 上衣和 t 恤
743,服飾和配件 > 服飾 > 男裝 > 上衣 > blazers & sports coats
744,健康和美容 > 美容 > 美甲 > 美甲工具 > 甘皮護理
745,健康和美容 > 美容 > 美甲 > 美甲工具 > 拋光亮甲棒
746,健康和美容 > 美容 > 美甲 > 美甲工具 > 指甲剪
747,健康和美容 > 美容 > 美甲 > 美甲工具 > 磨甲機
748,健康和美容 > 美容 > 美甲 > 美甲工具 > 美甲烘乾機和美甲燈
749,健康和美容 > 美容 > 美甲 > 美甲工具 > 指甲銼刀和磨甲片
750,健康和美容 > 美容 > 美甲 > 美甲工具 > 美甲 spa 和美甲浴
751,健康和美容 > 美容 > 護膚保養 > 抗老化產品
752,健康和美容 > 美容 > 護膚保養 > 眼霜和眼膜
753,健康和美容 > 美容 > 護膚保養 > 臉部按摩滾輪
754,健康和美容 > 美容 > 護膚保養 > 蒸臉器
755,健康和美容 > 美容 > 護膚保養 > 亮膚霜
756,健康和美容 > 美容 > 護膚保養 > 卸妝產品
757,健康和美容 > 美容 > 護膚保養 > 浮石
758,健康和美容 > 美容 > 護膚保養 > 防曬乳 > 仿曬劑和人工美黑產品
759,健康和美容 > 美容 > 護膚保養 > 防曬乳 > 防曬用品
760,健康和美容 > 美容 > 護膚保養 > 防曬乳 > 防曬用品 > 曬後護理
761,健康和美容 > 美容 > 護膚保養 > 防曬乳 > 防曬用品 > 防曬乳
762,健康和美容 > 美容 > 護膚保養 > 防曬乳 > 防曬用品 > 助曬油和助曬乳
763,健康和美容 > 美容 > 護膚保養 > 防曬乳 > 日曬機和日曬房
764,健康和美容 > 美容 > 沐浴和身體用品 > 沐浴和身體保養禮品組
765,健康和美容 > 美容 > 沐浴和身體用品 > 爽身粉
766,健康和美容 > 美容 > 沐浴和身體用品 > 除臭劑和止汗劑
767,健康和美容 > 美容 > 沐浴和身體用品 > 乾洗手
768,健康和美容 > 美容 > 沐浴和身體用品 > 洗手液
769,健康和美容 > 美容 > 沐浴和身體用品 > 浴帽
770,健康和美容 > 美容 > 足部護理
771,健康和美容 > 美容 > 足部護理 > 拇趾滑液囊炎護理
772,健康和美容 > 美容 > 足部護理 > 雞眼和老繭護理
773,健康和美容 > 美容 > 足部護理 > 除腳臭產品
774,健康和美容 > 美容 > 足部護理 > 腳趾分趾器
775,健康和美容 > 美容 > 護髮和造型 > 接髮和假髮 > 接髮和假髮用品
776,健康和美容 > 美容 > 護髮和造型 > 接髮和假髮 > 接髮服務
777,健康和美容 > 美容 > 護髮和造型 > 接髮和假髮 > 假髮和髮片
778,健康和美容 > 美容 > 護髮和造型 > 直髮膏和頭髮拉直產品
779,健康和美容 > 美容 > 護髮和造型 > 藥用頭髮護理產品
780,健康和美容 > 美容 > 護髮和造型 > 燙捲髮
781,健康和美容 > 美容 > 護髮和造型 > 洗髮精和潤髮乳 > 調理機
782,健康和美容 > 美容 > 護髮和造型 > 洗髮精和潤髮乳 > 洗髮精和潤髮乳組
783,健康和美容 > 美容 > 護髮和造型 > 洗髮精和潤髮乳 > 洗髮精
784,健康和美容 > 美容 > 美妝 > 身體化妝
785,健康和美容 > 美容 > 美妝 > 眼妝 > 睫毛增長液和睫毛保養液
786,健康和美容 > 美容 > 美妝 > 唇妝 > 打底唇膏
787,健康和美容 > 美容 > 美妝 > 化妝工具和配件 > 吸墨紙／吸水紙
788,健康和美容 > 美容 > 美妝 > 化妝工具和配件 > 刷具清潔用品
789,健康和美容 > 美容 > 美妝 > 化妝工具和配件 > 刷子和海綿
790,健康和美容 > 美容 > 美妝 > 化妝工具和配件 > 睫毛工具
791,健康和美容 > 美容 > 美妝 > 化妝工具和配件 > 化妝包和收納
792,健康和美容 > 美容 > 美妝 > 化妝工具和配件 > 定妝噴霧
793,健康和美容 > 美容 > 美妝 > 化妝工具和配件 > 化妝鏡
794,健康和美容 > 美容 > 美妝 > 化妝工具和配件 > 自組彩妝盤
795,健康和美容 > 美容 > 美妝 > 化妝工具和配件 > 磨具
796,健康和美容 > 美容 > 美妝 > 暫時性刺青
797,健康和美容 > 美容 > 美甲 > 人工指甲和配件 > 美甲水晶粉和水晶液
798,健康和美容 > 美容 > 美甲 > 人工指甲和配件 > 人工甲片
799,健康和美容 > 美容 > 美甲 > 人工指甲和配件 > 凝膠指甲
800,健康和美容 > 美容 > 美甲 > 人工指甲和配件 > 分指器和分趾器
801,健康和美容 > 美容 > 美甲 > 人工指甲和配件 > 美甲工具組
802,健康和美容 > 美容 > 美甲 > 指甲油和美甲片 > 美甲噴槍工具組和用品
803,健康和美容 > 美容 > 美甲 > 指甲油和美甲片 > 美甲配件
804,健康和美容 > 美容 > 美甲 > 指甲油和美甲片 > 指甲油
805,健康和美容 > 美容 > 美甲 > 指甲油和美甲片 > 去光水
806,健康和美容 > 美容 > 美甲 > 美甲工具 > 甘皮推刀
807,健康和美容 > 美容 > 美甲 > 美甲工具 > 甘皮剪刀
808,居家 > 居家用品 > 廚房和餐飲 > 廚房收納
809,居家 > 居家用品 > 廚房和餐飲 > 廚房收納 > 水槽架
810,居家 > 居家用品 > 廚房和餐飲 > 廚房收納 > 水槽墊和水槽網
811,居家 > 居家用品 > 廚房和餐飲 > 廚房收納 > 香料整理和收納配件
812,居家 > 居家用品 > 廚房和餐飲 > 廚房收納 > 吸管架和按壓式吸管盒
813,居家 > 居家用品 > 廚房和餐飲 > 廚房收納 > 糖包收納盒
814,居家 > 居家用品 > 廚房和餐飲 > 廚房收納 > 牙籤筒和牙籤分配器
815,居家 > 居家用品 > 廚房和餐飲 > 廚房工具和器具 > 烘焙長柄木鏟
816,居家 > 居家用品 > 廚房和餐飲 > 廚房工具和器具 > 漢堡肉壓模
817,居家 > 居家用品 > 廚房和餐飲 > 廚房工具和器具 > 壓罐器
818,居家 > 居家用品 > 廚房和餐飲 > 廚房工具和器具 > 開罐器
819,居家 > 居家用品 > 廚房和餐飲 > 廚房工具和器具 > 罐頭製造用品
820,居家 > 居家用品 > 廚房和餐飲 > 廚房工具和器具 > 濾盆、過濾器和篩子
821,居家 > 居家用品 > 廚房和餐飲 > 廚房工具和器具 > 料理溫度計
822,居家 > 居家用品 > 廚房和餐飲 > 廚房工具和器具 > 料理噴槍
823,居家 > 居家用品 > 廚房和餐飲 > 廚房工具和器具 > 烹飪器具
824,居家 > 居家用品 > 廚房和餐飲 > 廚房工具和器具 > 砧板
825,居家 > 居家用品 > 廚房和餐飲 > 廚房工具和器具 > 碗盤架
826,居家 > 居家用品 > 廚房和餐飲 > 廚房工具和器具 > 食物切碎機
827,居家 > 居家用品 > 廚房和餐飲 > 廚房工具和器具 > 食物勺
828,居家 > 居家用品 > 廚房和餐飲 > 廚房工具和器具 > 食物蒸煮袋
829,居家 > 居家用品 > 廚房和餐飲 > 廚房工具和器具 > 食物叉子和串籤
830,居家 > 居家用品 > 廚房和餐飲 > 廚房工具和器具 > 漏斗
831,居家 > 居家用品 > 廚房和餐飲 > 廚房工具和器具 > 壓蒜器
832,居家 > 居家用品 > 廚房和餐飲 > 廚房工具和器具 > 刨絲刀
833,居家 > 居家用品 > 廚房和餐飲 > 廚房工具和器具 > 量杯和量匙
834,居家 > 居家用品 > 廚房和餐飲 > 廚房工具和器具 > 混合廚具組
835,居家 > 居家用品 > 廚房和餐飲 > 廚房工具和器具 > 攪拌碗
836,居家 > 居家用品 > 廚房和餐飲 > 廚房工具和器具 > 研磨缽和研磨杵
837,居家 > 居家用品 > 廚房和餐飲 > 廚房工具和器具 > 堅果和海鮮破殼器
838,居家 > 居家用品 > 廚房和餐飲 > 廚房工具和器具 > 油醋調味瓶
839,居家 > 居家用品 > 廚房和餐飲 > 廚房工具和器具 > 烤箱專用燒烤袋
840,居家 > 居家用品 > 廚房和餐飲 > 廚房工具和器具 > 削皮器和去心器
841,居家 > 居家用品 > 廚房和餐飲 > 廚房工具和器具 > 披薩輪刀
842,居家 > 居家用品 > 廚房和餐飲 > 廚房工具和器具 > 圓形塔圈和模具
843,居家 > 居家用品 > 廚房和餐飲 > 廚房工具和器具 > 蔬果脫水器
844,居家 > 居家用品 > 廚房和餐飲 > 廚房工具和器具 > 刮刀
845,居家 > 居家用品 > 廚房和餐飲 > 廚房工具和器具 > 湯匙架
846,居家 > 居家用品 > 廚房和餐飲 > 廚房工具和器具 > 瓦斯爐防油汙保護墊
847,居家 > 居家用品 > 廚房和餐飲 > 廚房工具和器具 > 壽司捲墊和便當配件
848,居家 > 居家用品 > 廚房和餐飲 > 廚房工具和器具 > 計時器
849,居家 > 居家用品 > 廚房和餐飲 > 亞麻織品和紡織品
850,居家 > 居家用品 > 廚房和餐飲 > 亞麻織品和紡織品 > 圍裙
851,居家 > 居家用品 > 廚房和餐飲 > 亞麻織品和紡織品 > 裝飾墊布
852,居家 > 居家用品 > 廚房和餐飲 > 亞麻織品和紡織品 > 餐巾環和餐巾架
853,居家 > 居家用品 > 廚房和餐飲 > 亞麻織品和紡織品 > 餐巾
854,居家 > 居家用品 > 廚房和餐飲 > 亞麻織品和紡織品 > 烤箱手套和鍋墊
855,居家 > 居家用品 > 廚房和餐飲 > 亞麻織品和紡織品 > 餐墊
856,居家 > 居家用品 > 廚房和餐飲 > 亞麻織品和紡織品 > 桌布餐巾組
857,居家 > 居家用品 > 廚房和餐飲 > 亞麻織品和紡織品 > 桌旗
858,居家 > 居家用品 > 廚房和餐飲 > 亞麻織品和紡織品 > 桌裙
859,居家 > 居家用品 > 廚房和餐飲 > 亞麻織品和紡織品 > 桌巾
860,居家 > 居家用品 > 廚房和餐飲 > 亞麻織品和紡織品 > 茶壺保溫罩
861,居家 > 居家用品 > 廚房和餐飲 > 亞麻織品和紡織品 > 擦碗布和洗碗布
862,居家 > 居家用品 > 廚房和餐飲 > 組合式廚房和小廚房
863,居家 > 居家用品 > 廚房和餐飲 > 廚房小家電 > 飲品保溫杯墊
864,居家 > 居家用品 > 廚房和餐飲 > 廚房小家電 > 製麵包機
865,居家 > 居家用品 > 廚房和餐飲 > 廚房小家電 > 咖啡機和濃縮咖啡機
866,居家 > 居家用品 > 廚房和餐飲 > 廚房小家電 > 咖啡機和濃縮咖啡機 > 磨豆機
867,居家 > 居家用品 > 廚房和餐飲 > 廚房小家電 > 咖啡機和濃縮咖啡機 > 咖啡機
868,居家 > 居家用品 > 廚房和餐飲 > 廚房小家電 > 咖啡機和濃縮咖啡機 > 咖啡烘豆機
869,居家 > 居家用品 > 廚房和餐飲 > 廚房小家電 > 咖啡機和濃縮咖啡機 > 義式咖啡機
870,居家 > 居家用品 > 廚房和餐飲 > 廚房小家電 > 咖啡機和濃縮咖啡機 > 法式濾壓壺
871,居家 > 居家用品 > 廚房和餐飲 > 廚房小家電 > 咖啡機和濃縮咖啡機 > 奶泡機
872,居家 > 居家用品 > 廚房和餐飲 > 廚房小家電 > 咖啡機和濃縮咖啡機 > 過濾式咖啡壺和摩卡壺
873,居家 > 居家用品 > 廚房和餐飲 > 廚房小家電 > 咖啡機和濃縮咖啡機 > 泡茶器和濾茶器
874,居家 > 居家用品 > 廚房和餐飲 > 廚房小家電 > 咖啡機和濃縮咖啡機 > 茶壺
875,居家 > 居家用品 > 廚房和餐飲 > 廚房小家電 > 咖啡機和濃縮咖啡機 > 泡茶器
876,居家 > 居家用品 > 廚房和餐飲 > 廚房小家電 > 炊具和蒸鍋
877,居家 > 居家用品 > 廚房和餐飲 > 廚房小家電 > 油炸鍋和氣炸鍋
878,居家 > 居家用品 > 廚房和餐飲 > 廚房小家電 > 電子鍋和電鍋
879,居家 > 居家用品 > 廚房和餐飲 > 廚房小家電 > 瑞士起司鍋用鍋
880,居家 > 居家用品 > 廚房和餐飲 > 廚房小家電 > 食物乾燥機
881,居家 > 居家用品 > 廚房和餐飲 > 廚房小家電 > 食物調理機
882,居家 > 居家用品 > 廚房和餐飲 > 廚房小家電 > 平底鍋和烤盤
883,居家 > 居家用品 > 廚房和餐飲 > 廚房小家電 > 研磨機和絞肉器
884,居家 > 居家用品 > 廚房和餐飲 > 廚房小家電 > 烹飪熱板
885,居家 > 居家用品 > 廚房和餐飲 > 廚房小家電 > 碎冰機和刨冰機
886,居家 > 居家用品 > 廚房和餐飲 > 廚房小家電 > 果汁機
887,居家 > 居家用品 > 廚房和餐飲 > 廚房小家電 > 廚房料理秤
888,居家 > 居家用品 > 廚房和餐飲 > 廚房小家電 > 絞肉機
889,居家 > 居家用品 > 廚房和餐飲 > 廚房小家電 > 攪拌機
890,居家 > 居家用品 > 廚房和餐飲 > 廚房小家電 > 披薩機和窯烤爐
891,居家 > 居家用品 > 廚房和餐飲 > 廚房小家電 > 卡式瓦斯爐
892,居家 > 居家用品 > 廚房和餐飲 > 廚房小家電 > 電烤爐和烤箱
893,居家 > 居家用品 > 廚房和餐飲 > 廚房小家電 > 切片機和電刀
894,居家 > 居家用品 > 廚房和餐飲 > 廚房小家電 > 特殊料理廚房家電
895,居家 > 居家用品 > 廚房和餐飲 > 廚房小家電 > 特殊料理廚房家電 > 棉花糖機
896,居家 > 居家用品 > 廚房和餐飲 > 廚房小家電 > 特殊料理廚房家電 > 杯子蛋糕機、塔皮機和點心機
897,居家 > 居家用品 > 廚房和餐飲 > 廚房小家電 > 特殊料理廚房家電 > 冰沙機
898,居家 > 居家用品 > 廚房和餐飲 > 廚房小家電 > 特殊料理廚房家電 > 熱飲機
899,居家 > 居家用品 > 廚房和餐飲 > 廚房小家電 > 特殊料理廚房家電 > 冰淇淋機
900,居家 > 居家用品 > 廚房和餐飲 > 廚房小家電 > 特殊料理廚房家電 > 義大利麵製麵機
901,居家 > 居家用品 > 廚房和餐飲 > 廚房小家電 > 特殊料理廚房家電 > 爆米花機
902,居家 > 居家用品 > 廚房和餐飲 > 廚房小家電 > 特殊料理廚房家電 > 氣泡水機
903,居家 > 居家用品 > 廚房和餐飲 > 廚房小家電 > 特殊料理廚房家電 > 豆漿機
904,居家 > 居家用品 > 廚房和餐飲 > 廚房小家電 > 特殊料理廚房家電 > 鬆餅機
905,居家 > 居家用品 > 廚房和餐飲 > 廚房小家電 > 特殊料理廚房家電 > 優格機
906,居家 > 居家用品 > 廚房和餐飲 > 廚房小家電 > 烤麵包機和麵包烤箱
907,居家 > 居家用品 > 廚房和餐飲 > 廚房小家電 > 濾水器和濾水壺
908,居家 > 居家用品 > 燈具和照明 > 吊扇
909,居家 > 居家用品 > 燈具和照明 > 吊燈
910,居家 > 居家用品 > 燈具和照明 > 燈罩
911,居家 > 居家用品 > 燈具和照明 > 燈具
912,居家 > 居家用品 > 燈具和照明 > 燈具 > 立燈
913,居家 > 居家用品 > 燈具和照明 > 燈具 > 燈具配件
914,居家 > 居家用品 > 燈具和照明 > 燈具 > 檯燈
915,居家 > 居家用品 > 燈具和照明 > 燈泡
916,居家 > 居家用品 > 燈具和照明 > 夜燈
917,居家 > 居家用品 > 燈具和照明 > 燈串
918,居家 > 居家用品 > 燈具和照明 > 軌道燈
919,居家 > 居家用品 > 燈具和照明 > 壁燈
920,居家 > 居家用品 > 收納 > 衣物收納
921,居家 > 居家用品 > 收納 > 衣物收納 > 系統衣櫃
922,居家 > 居家用品 > 收納 > 衣物收納 > 衣架
923,居家 > 居家用品 > 收納 > 衣物收納 > 掛衣架
924,居家 > 居家用品 > 收納 > 衣物收納 > 帽盒
925,居家 > 居家用品 > 收納 > 衣物收納 > 鞋子收納
926,居家 > 居家用品 > 收納 > 衣物收納 > 傘架和傘套
927,居家 > 居家用品 > 收納 > 一般收納
928,居家 > 居家用品 > 收納 > 一般收納 > 掛鉤和吊架
929,居家 > 居家用品 > 收納 > 一般收納 > 收納袋
930,居家 > 居家用品 > 收納 > 一般收納 > 收納箱和收納籃
931,居家 > 居家用品 > 收納 > 一般收納 > 收納抽屜
932,居家 > 居家用品 > 收納 > 飾品收納用品
933,居家 > 居家用品 > 收納 > 飾品收納用品 > 珠寶首飾收納掛袋
934,居家 > 居家用品 > 收納 > 飾品收納用品 > 珠寶首飾收納袋和收納小袋
935,居家 > 居家用品 > 收納 > 飾品收納用品 > 珠寶首飾盒
936,居家 > 居家用品 > 收納 > 飾品收納用品 > 珠寶展示架
937,居家 > 居家用品 > 收納 > 飾品收納用品 > 珠寶首飾收納分格盤
938,居家 > 居家用品 > 收納 > 飾品收納用品 > 捲筒式珠寶首飾收納包
939,居家 > 居家用品 > 收納 > 飾品收納用品 > 珠寶首飾展示架
940,居家 > 居家用品 > 收納 > 飾品收納用品 > 珠寶首飾托盤
941,居家 > 大型家電 > 爐面
942,居家 > 大型家電 > 製冰機
943,居家 > 大型家電 > 大型家電零件和配件
944,居家 > 大型家電 > 抽油煙機
945,居家 > 大型家電 > 垃圾壓縮機
946,居家 > 大型家電 > 洗衣機和烘乾機 > 吹風機
947,居家 > 大型家電 > 洗衣機和烘乾機 > 洗衣機和乾衣機組合
948,居家 > 大型家電 > 洗衣機和烘乾機 > 洗衣機
949,居家 > 居家用品 > 沐浴 > 沐浴配件 > 肥皂盒和給皂機
950,居家 > 居家用品 > 沐浴 > 沐浴配件 > 面紙盒套
951,居家 > 居家用品 > 沐浴 > 沐浴配件 > 馬桶刷
952,居家 > 居家用品 > 沐浴 > 沐浴配件 > 馬桶蓋
953,居家 > 居家用品 > 沐浴 > 浴室紡織品
954,居家 > 居家用品 > 沐浴 > 浴室紡織品 > 浴室地墊和地毯
955,居家 > 居家用品 > 沐浴 > 浴室紡織品 > 浴缸靠枕
956,居家 > 居家用品 > 沐浴 > 浴室紡織品 > 毛巾和小方巾
957,居家 > 居家用品 > 沐浴 > 浴室收納
958,居家 > 居家用品 > 沐浴 > 浴室收納 > 浴缸架
959,居家 > 居家用品 > 沐浴 > 浴室收納 > 藥櫃
960,居家 > 居家用品 > 沐浴 > 浴室收納 > 浴袍和毛巾掛鉤
961,居家 > 居家用品 > 沐浴 > 浴室收納 > 衛生紙架
962,居家 > 居家用品 > 沐浴 > 浴室收納 > 牙刷架
963,居家 > 居家用品 > 沐浴 > 浴室收納 > 毛巾架與掛桿
964,居家 > 居家用品 > 沐浴 > 浴簾
965,居家 > 居家用品 > 居家裝飾 > 時鐘 > 鬧鐘
966,居家 > 居家用品 > 居家裝飾 > 時鐘 > 時鐘零件
967,居家 > 居家用品 > 居家裝飾 > 時鐘 > 時鐘
968,居家 > 居家用品 > 居家裝飾 > 時鐘 > 桌鐘、座鐘和掛鐘
969,居家 > 居家用品 > 居家裝飾 > 時鐘 > 老爺鐘
970,居家 > 居家用品 > 居家裝飾 > 時鐘 > 壁鐘
971,居家 > 居家用品 > 居家裝飾 > 家飾品 > 人造食品
972,居家 > 居家用品 > 居家裝飾 > 家飾品 > 人造花草
973,居家 > 居家用品 > 居家裝飾 > 家飾品 > 籃子
974,居家 > 居家用品 > 居家裝飾 > 家飾品 > 鈴鐺
975,居家 > 居家用品 > 居家裝飾 > 家飾品 > 書擋
976,居家 > 居家用品 > 居家裝飾 > 家飾品 > 瓶罐
977,居家 > 居家用品 > 居家裝飾 > 家飾品 > 箱子、廣口瓶和金屬罐
978,居家 > 居家用品 > 居家裝飾 > 家飾品 > 印花、貼紙和黑膠唱片藝術
979,居家 > 居家用品 > 居家裝飾 > 家飾品 > 裝飾用盤碟、碗和托盤
980,居家 > 居家用品 > 居家裝飾 > 家飾品 > 門飾
981,居家 > 居家用品 > 居家裝飾 > 家飾品 > 門墊
982,居家 > 居家用品 > 居家裝飾 > 家飾品 > 門擋
983,居家 > 居家用品 > 居家裝飾 > 家飾品 > 捕夢網
984,居家 > 居家用品 > 居家裝飾 > 家飾品 > 乾燥花
985,居家 > 居家用品 > 居家裝飾 > 家飾品 > 小型人偶
986,居家 > 居家用品 > 居家裝飾 > 家飾品 > 尖頂飾品
987,居家 > 居家用品 > 居家裝飾 > 家飾品 > 相框
988,居家 > 居家用品 > 居家裝飾 > 家飾品 > 沙漏
989,居家 > 居家用品 > 居家裝飾 > 家飾品 > 門牌號碼和字母
990,居家 > 居家用品 > 居家裝飾 > 家飾品 > 室內噴泉
991,居家 > 居家用品 > 居家裝飾 > 家飾品 > 鑰匙包和信插
992,居家 > 居家用品 > 居家裝飾 > 家飾品 > 面膜
993,居家 > 居家用品 > 居家裝飾 > 家飾品 > 留言板和留言架
994,居家 > 居家用品 > 居家裝飾 > 家飾品 > 鏡子
995,居家 > 居家用品 > 居家裝飾 > 家飾品 > 音樂盒
996,居家 > 居家用品 > 居家裝飾 > 家飾品 > 小豬撲滿和存錢筒
997,居家 > 居家用品 > 居家裝飾 > 家飾品 > 銘牌和告示牌
998,居家 > 居家用品 > 居家裝飾 > 家飾品 > 餐盤收納展示架
999,居家 > 居家用品 > 居家裝飾 > 家飾品 > 海報、複製畫和繪畫作品
1000,居家 > 居家用品 > 居家裝飾 > 家飾品 > 冰箱磁鐵
1001,居家 > 居家用品 > 居家裝飾 > 家飾品 > 雕刻
1002,居家 > 居家用品 > 居家裝飾 > 家飾品 > 彩繪玻璃飾品和手機吊飾
1003,居家 > 居家用品 > 居家裝飾 > 家飾品 > 掛毯
1004,居家 > 居家用品 > 居家裝飾 > 家飾品 > 抱枕
1005,居家 > 居家用品 > 居家裝飾 > 家飾品 > 彩繪方塊磚
1006,居家 > 居家用品 > 居家裝飾 > 家飾品 > 花瓶填充物
1007,居家 > 居家用品 > 居家裝飾 > 家飾品 > 花瓶
1008,居家 > 居家用品 > 居家裝飾 > 家飾品 > 牆面收納袋
1009,居家 > 居家用品 > 居家裝飾 > 家飾品 > 地球儀
1010,居家 > 居家用品 > 居家裝飾 > 家飾品 > 花圈和花環
1011,居家 > 居家用品 > 居家裝飾 > 節慶和季節家飾 > 降臨曆
1012,居家 > 居家用品 > 居家裝飾 > 節慶和季節家飾 > 聖誕燈
1013,居家 > 居家用品 > 居家裝飾 > 節慶和季節家飾 > 聖誕樹
1014,居家 > 居家用品 > 居家裝飾 > 節慶和季節家飾 > 復活節彩蛋裝飾組
1015,居家 > 居家用品 > 居家裝飾 > 節慶和季節家飾 > 節慶裝飾掛勾和展示架
1016,居家 > 居家用品 > 居家裝飾 > 節慶和季節家飾 > 節日裝飾
1017,居家 > 居家用品 > 居家裝飾 > 節慶和季節家飾 > 耶穌降生場景組合
1018,居家 > 居家用品 > 居家裝飾 > 節慶和季節家飾 > 季節性村莊裝飾組
1019,居家 > 居家用品 > 居家裝飾 > 節慶和季節家飾 > 雪花水晶球
1020,居家 > 居家用品 > 居家裝飾 > 節慶和季節家飾 > 長筒襪和掛架
1021,居家 > 居家用品 > 居家裝飾 > 節慶和季節家飾 > 餐桌裝飾
1022,居家 > 居家用品 > 居家裝飾 > 節慶和季節家飾 > 樹架和樹裙
1023,居家 > 居家用品 > 居家裝飾 > 節慶和季節家飾 > 牆面裝飾
1024,居家 > 居家用品 > 居家裝飾 > 節慶和季節家飾 > 窗飾
1025,居家 > 居家用品 > 居家裝飾 > 節慶和季節家飾 > 花圈、花環和植物
1026,居家 > 居家用品 > 居家裝飾 > 節慶和季節家飾 > 庭院裝飾
1027,居家 > 居家用品 > 居家裝飾 > 居家香氛 > 空氣清新劑
1028,居家 > 居家用品 > 居家裝飾 > 居家香氛 > 蠟燭與精油台
1029,居家 > 居家用品 > 居家裝飾 > 居家香氛 > 燭檯
1030,居家 > 居家用品 > 居家裝飾 > 居家香氛 > 滅燭罩
1031,居家 > 居家用品 > 居家裝飾 > 居家香氛 > 蠟燭
1032,居家 > 居家用品 > 居家裝飾 > 居家香氛 > 擴香瓶和香精油
1033,居家 > 居家用品 > 居家裝飾 > 居家香氛 > 香
1034,居家 > 居家用品 > 居家裝飾 > 居家香氛 > 香皿
1035,居家 > 居家用品 > 居家裝飾 > 居家香氛 > 香氛乾燥花
1036,居家 > 居家用品 > 居家裝飾 > 居家香氛 > 裝飾蠟燭
1037,居家 > 居家用品 > 居家裝飾 > 墊子和地毯 > 塊毯
1038,居家 > 居家用品 > 居家裝飾 > 墊子和地毯 > 方塊地毯
1039,居家 > 居家用品 > 居家裝飾 > 墊子和地毯 > 地墊
1040,居家 > 居家用品 > 居家裝飾 > 墊子和地毯 > 長毯
1041,居家 > 居家用品 > 居家裝飾 > 墊子和地毯 > 樓梯踏板
1042,居家 > 居家用品 > 居家裝飾 > 窗飾和窗五金 > 窗簾和窗簾吊環
1043,居家 > 居家用品 > 居家裝飾 > 窗飾和窗五金 > 窗簾和窗簾桿
1044,居家 > 居家用品 > 居家裝飾 > 窗飾和窗五金 > 窗簾綁帶掛勾和流蘇綁帶
1045,居家 > 居家用品 > 居家裝飾 > 窗飾和窗五金 > 窗簾和掛簾
1046,居家 > 居家用品 > 居家裝飾 > 窗飾和窗五金 > 百葉窗
1047,居家 > 居家用品 > 居家裝飾 > 窗飾和窗五金 > 彩繪玻璃板
1048,居家 > 居家用品 > 居家裝飾 > 窗飾和窗五金 > 百葉窗和遮光簾
1049,居家 > 居家用品 > 居家裝飾 > 窗飾和窗五金 > 窗戶貼膜
1050,居家 > 居家用品 > 居家裝飾 > 窗飾和窗五金 > 窗戶磁性遮陽簾
1051,居家 > 居家用品 > 居家裝飾 > 窗飾和窗五金 > 紗窗
1052,居家 > 居家用品 > 居家裝飾 > 窗飾和窗五金 > 窗飾替換零件
1053,居家 > 居家用品 > 居家裝飾 > 窗飾和窗五金 > 窗簾帷幔和窗框
1054,居家 > 居家用品 > 廚房和餐飲 > 烘焙用具 > 烤盤組
1055,居家 > 居家用品 > 廚房和餐飲 > 烘焙用具 > 烘焙和餅乾烤盤
1056,居家 > 居家用品 > 廚房和餐飲 > 烘焙用具 > 麵包長條烤模和模具
1057,居家 > 居家用品 > 廚房和餐飲 > 烘焙用具 > 蛋糕長條烤模和模具
1058,居家 > 居家用品 > 廚房和餐飲 > 烘焙用具 > 冷卻架
1059,居家 > 居家用品 > 廚房和餐飲 > 烘焙用具 > 瑪芬和糕點烤盤
1060,居家 > 居家用品 > 廚房和餐飲 > 烘焙用具 > 派和法式鹹派烤盤
1061,居家 > 居家用品 > 廚房和餐飲 > 烘焙用具 > 披薩烤盤和石板
1062,居家 > 居家用品 > 廚房和餐飲 > 烘焙用具 > 小烤皿和舒芙蕾烤盅
1063,居家 > 居家用品 > 廚房和餐飲 > 烘焙用具 > 烤盤
1064,居家 > 居家用品 > 廚房和餐飲 > 烘焙配件
1065,居家 > 居家用品 > 廚房和餐飲 > 烘焙配件 > 烘焙模具和紙模
1066,居家 > 居家用品 > 廚房和餐飲 > 烘焙配件 > 烘焙用鎮石
1067,居家 > 居家用品 > 廚房和餐飲 > 烘焙配件 > 蛋糕底板
1068,居家 > 居家用品 > 廚房和餐飲 > 烘焙配件 > 蛋糕裝飾用品
1069,居家 > 居家用品 > 廚房和餐飲 > 烘焙配件 > 餅乾切割器和餅乾擠花槍
1070,居家 > 居家用品 > 廚房和餐飲 > 烘焙配件 > 糖霜擠花袋
1071,居家 > 居家用品 > 廚房和餐飲 > 烘焙配件 > 麵團切刀
1072,居家 > 居家用品 > 廚房和餐飲 > 烘焙配件 > 糕點模具
1073,居家 > 居家用品 > 廚房和餐飲 > 烘焙配件 > 擀麵棍
1074,居家 > 居家用品 > 廚房和餐飲 > 酒具 > 冰鑿
1075,居家 > 居家用品 > 廚房和餐飲 > 酒具 > 瓶蓋
1076,居家 > 居家用品 > 廚房和餐飲 > 酒具 > 瓶塞和軟木塞
1077,居家 > 居家用品 > 廚房和餐飲 > 酒具 > 杯墊架
1078,居家 > 居家用品 > 廚房和餐飲 > 酒具 > 杯墊
1079,居家 > 居家用品 > 廚房和餐飲 > 酒具 > 雞尾酒和調酒工具組
1080,居家 > 居家用品 > 廚房和餐飲 > 酒具 > 雞尾酒雪克杯
1081,居家 > 居家用品 > 廚房和餐飲 > 酒具 > 雞尾酒隔冰匙
1082,居家 > 居家用品 > 廚房和餐飲 > 酒具 > 開塞鑽和開瓶器
1083,居家 > 居家用品 > 廚房和餐飲 > 酒具 > 醒酒壺
1084,居家 > 居家用品 > 廚房和餐飲 > 酒具 > 冰桶和冰酒器
1085,居家 > 居家用品 > 廚房和餐飲 > 酒具 > 製冰盒和製冰模具
1086,居家 > 居家用品 > 廚房和餐飲 > 酒具 > 烈酒和啤酒分酒器
1087,居家 > 居家用品 > 廚房和餐飲 > 酒具 > 搗杵
1088,居家 > 居家用品 > 廚房和餐飲 > 酒具 > 醒酒器
1089,居家 > 居家用品 > 廚房和餐飲 > 酒具 > 酒櫃和酒窖
1090,居家 > 居家用品 > 廚房和餐飲 > 酒具 > 酒杯裝飾
1091,居家 > 居家用品 > 廚房和餐飲 > 酒具 > 紅酒杯架
1092,居家 > 居家用品 > 廚房和餐飲 > 酒具 > 酒架和酒瓶收納架
1093,居家 > 居家用品 > 廚房和餐飲 > 廚具 > 卡酥來砂鍋
1094,居家 > 居家用品 > 廚房和餐飲 > 廚具 > 鍋柄把手、鍋蓋和配件
1095,居家 > 居家用品 > 廚房和餐飲 > 廚具 > 炊具組
1096,居家 > 居家用品 > 廚房和餐飲 > 廚具 > 可麗餅和布利尼薄餅煎鍋
1097,居家 > 居家用品 > 廚房和餐飲 > 廚具 > 雙層鍋
1098,居家 > 居家用品 > 廚房和餐飲 > 廚具 > 荷蘭鍋
1099,居家 > 居家用品 > 廚房和餐飲 > 廚具 > 發酵和醃漬罐
1100,居家 > 居家用品 > 廚房和餐飲 > 廚具 > 煎盤和煎鍋
1101,居家 > 居家用品 > 廚房和餐飲 > 廚具 > 燒烤用壓肉板
1102,居家 > 居家用品 > 廚房和餐飲 > 廚具 > 西班牙烤飯盤
1103,居家 > 居家用品 > 廚房和餐飲 > 廚具 > 燉鍋
1104,居家 > 居家用品 > 廚房和餐飲 > 廚具 > 平底鍋
1105,居家 > 居家用品 > 廚房和餐飲 > 廚具 > 湯鍋
1106,居家 > 居家用品 > 廚房和餐飲 > 廚具 > 塔吉鍋和陶鍋
1107,居家 > 居家用品 > 廚房和餐飲 > 廚具 > 中式炒鍋
1108,居家 > 居家用品 > 廚房和餐飲 > 晚餐廚具 > 碗
1109,居家 > 居家用品 > 廚房和餐飲 > 晚餐廚具 > 奶油碟
1110,居家 > 居家用品 > 廚房和餐飲 > 晚餐廚具 > 奶精罐和糖罐
1111,居家 > 居家用品 > 廚房和餐飲 > 晚餐廚具 > 餐具組
1112,居家 > 居家用品 > 廚房和餐飲 > 晚餐廚具 > 水壺和水罐
1113,居家 > 居家用品 > 廚房和餐飲 > 晚餐廚具 > 盤碟
1114,居家 > 居家用品 > 廚房和餐飲 > 晚餐廚具 > 拼盤和托盤
1115,居家 > 居家用品 > 廚房和餐飲 > 晚餐廚具 > 鹽罐和胡椒罐
1116,居家 > 居家用品 > 廚房和餐飲 > 晚餐廚具 > 湯碗和湯鍋
1117,居家 > 居家用品 > 廚房和餐飲 > 晚餐廚具 > 特色造型餐具
1118,居家 > 居家用品 > 廚房和餐飲 > 晚餐廚具 > 特色造型餐具 > 蛋糕架
1119,居家 > 居家用品 > 廚房和餐飲 > 晚餐廚具 > 特色造型餐具 > 蛋杯
1120,居家 > 居家用品 > 廚房和餐飲 > 晚餐廚具 > 特色造型餐具 > 船形肉汁盤和醬料盤
1121,居家 > 居家用品 > 廚房和餐飲 > 晚餐廚具 > 特色造型餐具 > 潘趣酒碗酒杯組
1122,居家 > 居家用品 > 廚房和餐飲 > 晚餐廚具 > 特色造型餐具 > 隔熱架
1123,居家 > 居家用品 > 廚房和餐飲 > 杯壺飲器 > 咖啡和茶
1124,居家 > 居家用品 > 廚房和餐飲 > 杯壺飲器 > 咖啡和茶 > 咖啡杯和茶杯
1125,居家 > 居家用品 > 廚房和餐飲 > 杯壺飲器 > 咖啡和茶 > 咖啡碟和茶碟
1126,居家 > 居家用品 > 廚房和餐飲 > 杯壺飲器 > 咖啡和茶 > 咖啡和茶具組
1127,居家 > 居家用品 > 廚房和餐飲 > 杯壺飲器 > 咖啡和茶 > 茶壺
1128,居家 > 居家用品 > 廚房和餐飲 > 杯壺飲器 > 杯壺飲器組
1129,居家 > 居家用品 > 廚房和餐飲 > 杯壺飲器 > 馬克杯
1130,居家 > 居家用品 > 廚房和餐飲 > 杯壺飲器 > 雞尾酒杯和烈酒杯
1131,居家 > 居家用品 > 廚房和餐飲 > 杯壺飲器 > 雞尾酒杯和烈酒杯 > 啤酒杯
1132,居家 > 居家用品 > 廚房和餐飲 > 杯壺飲器 > 雞尾酒杯和烈酒杯 > 雞尾酒杯和烈酒杯
1133,居家 > 居家用品 > 廚房和餐飲 > 杯壺飲器 > 雞尾酒杯和烈酒杯 > 葡萄酒杯和香檳杯
1134,居家 > 居家用品 > 廚房和餐飲 > 杯壺飲器 > 平底杯
1135,居家 > 居家用品 > 廚房和餐飲 > 扁平餐具 > 筷子
1136,居家 > 居家用品 > 廚房和餐飲 > 扁平餐具 > 廚房刀具組
1137,居家 > 居家用品 > 廚房和餐飲 > 扁平餐具 > 扁平餐具組
1138,居家 > 居家用品 > 廚房和餐飲 > 扁平餐具 > 叉子
1139,居家 > 居家用品 > 廚房和餐飲 > 扁平餐具 > 刀具座與收納
1140,居家 > 居家用品 > 廚房和餐飲 > 扁平餐具 > 磨刀器
1141,居家 > 居家用品 > 廚房和餐飲 > 扁平餐具 > 刀
1142,居家 > 居家用品 > 廚房和餐飲 > 扁平餐具 > 剪刀和裁剪刀具
1143,居家 > 居家用品 > 廚房和餐飲 > 扁平餐具 > 湯匙
1144,居家 > 居家用品 > 廚房和餐飲 > 食品和飲料攜行架
1145,居家 > 居家用品 > 廚房和餐飲 > 食品和飲料攜行架 > 保溫壺
1146,居家 > 居家用品 > 廚房和餐飲 > 食品和飲料攜行架 > 水壺
1147,居家 > 居家用品 > 廚房和餐飲 > 食品和飲料攜行架 > 冷藏箱
1148,居家 > 居家用品 > 廚房和餐飲 > 食品和飲料攜行架 > 飲料杯套提袋
1149,居家 > 居家用品 > 廚房和餐飲 > 食品和飲料攜行架 > 扁酒瓶
1150,居家 > 居家用品 > 廚房和餐飲 > 食品和飲料攜行架 > 購物袋
1151,居家 > 居家用品 > 廚房和餐飲 > 食品和飲料攜行架 > 保溫袋
1152,居家 > 居家用品 > 廚房和餐飲 > 食品和飲料攜行架 > 便當盒和便當袋
1153,居家 > 居家用品 > 廚房和餐飲 > 食品和飲料攜行架 > 野餐籃
1154,居家 > 居家用品 > 廚房和餐飲 > 食品和飲料攜行架 > 替換用飲料蓋
1155,居家 > 居家用品 > 廚房和餐飲 > 食品和飲料攜行架 > 可重複使用吸管
1156,居家 > 居家用品 > 廚房和餐飲 > 食品和飲料攜行架 > 保溫瓶
1157,居家 > 居家用品 > 廚房和餐飲 > 食品和飲料攜行架 > 水瓶
1158,居家 > 居家用品 > 廚房和餐飲 > 食品和飲料攜行架 > 酒袋
1159,居家 > 居家用品 > 廚房和餐飲 > 食物儲藏
1160,居家 > 居家用品 > 廚房和餐飲 > 食物儲藏 > 麵包盒
1161,居家 > 居家用品 > 廚房和餐飲 > 食物儲藏 > 糖果桶
1162,居家 > 居家用品 > 廚房和餐飲 > 食物儲藏 > 餅乾罐
1163,居家 > 居家用品 > 廚房和餐飲 > 食物儲藏 > 鋁箔紙
1164,居家 > 居家用品 > 廚房和餐飲 > 食物儲藏 > 食物和飲料標籤
1165,居家 > 居家用品 > 廚房和餐飲 > 食物儲藏 > 食物保鮮袋
1166,居家 > 居家用品 > 廚房和餐飲 > 食物儲藏 > 保鮮盒
1167,居家 > 居家用品 > 廚房和餐飲 > 食物儲藏 > 保鮮膜切割盒
1168,居家 > 居家用品 > 廚房和餐飲 > 食物儲藏 > 蜂蜜罐
1169,居家 > 居家用品 > 廚房和餐飲 > 食物儲藏 > 烤盤紙
1170,居家 > 居家用品 > 廚房和餐飲 > 食物儲藏 > 擀麵墊
1171,居家 > 居家用品 > 廚房和餐飲 > 食物儲藏 > 保鮮膜
1172,居家 > 居家用品 > 廚房和餐飲 > 食物儲藏 > 食物儲存瓶罐
1173,居家 > 居家用品 > 廚房和餐飲 > 食物儲藏 > 束口線和袋夾
1174,居家 > 居家用品 > 廚房和餐飲 > 食物儲藏 > 真空包裝機
1175,居家 > 居家用品 > 廚房和餐飲 > 食物儲藏 > 蠟紙
1176,居家 > 居家用品 > 廚房和餐飲 > 廚房收納 > 櫥櫃收納
1177,居家 > 居家用品 > 廚房和餐飲 > 廚房收納 > 罐頭收納架
1178,居家 > 居家用品 > 廚房和餐飲 > 廚房收納 > 櫃檯收納
1179,居家 > 居家用品 > 廚房和餐飲 > 廚房收納 > 抽屜收納分格盤
1180,居家 > 居家用品 > 廚房和餐飲 > 廚房收納 > 置杯架
1181,居家 > 居家用品 > 廚房和餐飲 > 廚房收納 > 扁平餐具收納
1182,居家 > 居家用品 > 廚房和餐飲 > 廚房收納 > 紙巾架
1183,居家 > 居家用品 > 廚房和餐飲 > 廚房收納 > 鍋架
1184,居家裝潢 > 冷暖空調 > 冷暖氣機
1185,居家裝潢 > 冷暖空調 > 空氣過濾器
1186,居家裝潢 > 冷暖空調 > 空氣清淨機
1187,居家裝潢 > 冷暖空調 > 除濕機
1188,居家裝潢 > 冷暖空調 > 電風扇
1189,居家裝潢 > 冷暖空調 > 壁爐和暖爐
1190,居家裝潢 > 冷暖空調 > 壁爐和暖爐 > 壁爐柴薪架和爐柵
1191,居家裝潢 > 冷暖空調 > 壁爐和暖爐 > 煙囪清潔刷
1192,居家裝潢 > 冷暖空調 > 壁爐和暖爐 > 裝飾木頭、石塊和玻璃
1193,居家裝潢 > 冷暖空調 > 壁爐和暖爐 > 壁爐爐床
1194,居家裝潢 > 冷暖空調 > 壁爐和暖爐 > 壁爐架和周邊擺飾
1195,居家裝潢 > 冷暖空調 > 壁爐和暖爐 > 壁爐屏風和壁爐門
1196,居家裝潢 > 冷暖空調 > 壁爐和暖爐 > 壁爐
1197,居家裝潢 > 冷暖空調 > 壁爐和暖爐 > 燃料和柴火
1198,居家裝潢 > 冷暖空調 > 壁爐和暖爐 > 暖爐
1199,居家裝潢 > 冷暖空調 > 壁爐和暖爐 > 木材架和木材運載船
1200,居家裝潢 > 冷暖空調 > 壁爐和暖爐 > 撥火棒、相關工具和工具組
1201,居家裝潢 > 冷暖空調 > 壁爐和暖爐 > 替換零件
1202,居家裝潢 > 冷暖空調 > 壁爐和暖爐 > 火爐和煙囪管
1203,居家裝潢 > 冷暖空調 > 火爐和加熱系統
1204,居家裝潢 > 冷暖空調 > 加熱地板
1205,居家裝潢 > 冷暖空調 > 加濕器
1206,居家裝潢 > 冷暖空調 > 電暖器
1207,居家裝潢 > 冷暖空調 > 恆溫器
1208,居家裝潢 > 冷暖空調 > 熱水器
1209,居家裝潢 > 工具 > 各種工具
1210,居家裝潢 > 工具 > 各種工具 > 打火機和火柴
1211,居家裝潢 > 工具 > 各種工具 > 磁化器和消磁器
1212,居家裝潢 > 工具 > 各種工具 > 標示工具
1213,居家裝潢 > 工具 > 各種工具 > 銑床
1214,居家裝潢 > 工具 > 各種工具 > 彎管機
1215,居家裝潢 > 工具 > 各種工具 > 鉸刀
1216,居家裝潢 > 工具 > 各種工具 > 鉚釘槍和鉚釘鉗
1217,居家裝潢 > 工具 > 各種工具 > 磨砂板
1218,居家裝潢 > 工具 > 各種工具 > 鋸馬
1219,居家裝潢 > 工具 > 各種工具 > 造形機
1220,居家裝潢 > 工具 > 各種工具 > 套筒起子
1221,居家裝潢 > 工具 > 各種工具 > 工具箱、腰帶和收納用品
1222,居家裝潢 > 工具 > 各種工具 > 焊接和軟焊工具
1223,居家裝潢 > 工具 > 各種工具 > 乾/濕兩用吸塵器
1224,居家裝潢 > 工具 > 各種工具 > 工作臺
1225,居家裝潢 > 工具 > 各種工具 > 工作燈
1226,居家裝潢 > 工具 > 畫具 > 填縫劑和密封膠
1227,居家裝潢 > 工具 > 畫具 > 填縫槍
1228,居家裝潢 > 工具 > 畫具 > 清潔劑
1229,居家裝潢 > 工具 > 畫具 > 油漆防污防塵布
1230,居家裝潢 > 工具 > 畫具 > 延長竿
1231,居家裝潢 > 工具 > 畫具 > 畫筆
1232,居家裝潢 > 工具 > 畫具 > 油漆桶
1233,居家裝潢 > 工具 > 畫具 > 油漆攪拌機
1234,居家裝潢 > 工具 > 畫具 > 油漆滾筒刷
1235,居家裝潢 > 工具 > 畫具 > 噴漆槍
1236,居家裝潢 > 工具 > 畫具 > 漆盤
1237,居家裝潢 > 工具 > 畫具 > 油漆膠帶
1238,居家裝潢 > 工具 > 電動工具 > 打蠟機和拋光機
1239,居家裝潢 > 工具 > 電動工具 > 鑽頭
1240,居家裝潢 > 工具 > 電動工具 > 研磨機
1241,居家裝潢 > 工具 > 電動工具 > 熱風槍
1242,居家裝潢 > 工具 > 電動工具 > 衝擊起子和扳手
1243,居家裝潢 > 工具 > 電動工具 > 千斤頂和支撐架
1244,居家裝潢 > 工具 > 電動工具 > 夾具
1245,居家裝潢 > 工具 > 電動工具 > 開槽機
1246,居家裝潢 > 工具 > 電動工具 > 車床
1247,居家裝潢 > 工具 > 電動工具 > 混合動力工具組
1248,居家裝潢 > 工具 > 電動工具 > 釘槍和裝訂槍
1249,居家裝潢 > 工具 > 電動工具 > 刨床
1250,居家裝潢 > 工具 > 電動工具 > 電動工具零件和配件
1251,居家裝潢 > 工具 > 電動工具 > 旋轉工具
1252,居家裝潢 > 工具 > 電動工具 > 修邊刀
1253,居家裝潢 > 工具 > 電動工具 > 路達桌
1254,居家裝潢 > 工具 > 電動工具 > 路由器
1255,居家裝潢 > 工具 > 電動工具 > 研磨機
1256,居家裝潢 > 工具 > 電動工具 > 鋸子和刀具
1257,居家裝潢 > 工具 > 電動工具 > 螺絲起子
1258,居家裝潢 > 工具 > 電動工具 > 磨具
1259,居家裝潢 > 工具 > 電動工具 > 絞盤
1260,居家 > 寢具 > 床幔
1261,居家 > 清潔用品 > 清潔用品和化學製品 > 地毯清潔劑
1262,居家 > 清潔用品 > 清潔用品和化學製品 > 地毯蒸汽拖把
1263,居家 > 清潔用品 > 清潔用品和化學製品 > 清潔用品和清潔劑
1264,居家 > 清潔用品 > 清潔工具
1265,居家 > 清潔用品 > 清潔工具 > 地毯和地板清掃器
1266,居家 > 清潔用品 > 清潔工具 > 清潔桶
1267,居家 > 清潔用品 > 清潔工具 > 清潔手套
1268,居家 > 清潔用品 > 清潔工具 > 抹布
1269,居家 > 清潔用品 > 清潔工具 > 除塵撢
1270,居家 > 清潔用品 > 清潔工具 > 畚箕
1271,居家 > 清潔用品 > 清潔工具 > 拖把和掃帚
1272,居家 > 清潔用品 > 清潔工具 > 煙斗通條
1273,居家 > 清潔用品 > 清潔工具 > 硬毛刷
1274,居家 > 清潔用品 > 清潔工具 > 海綿和菜瓜布
1275,居家 > 清潔用品 > 清潔工具 > 橡膠刮刀
1276,居家 > 清潔用品 > 洗碗用品
1277,居家 > 清潔用品 > 洗碗用品 > 洗碗精
1278,居家 > 清潔用品 > 洗碗用品 > 洗碗機用洗潔劑
1279,居家 > 清潔用品 > 洗碗用品 > 洗碗機光潔潤乾劑
1280,居家 > 清潔用品 > 抽屜和置物架墊紙
1281,居家 > 清潔用品 > 布料和靠墊防污劑
1282,居家 > 清潔用品 > 地板保護墊和地毯
1283,居家 > 清潔用品 > 居家一次性用品
1284,居家 > 清潔用品 > 居家一次性用品 > 拋棄式吸管
1285,居家 > 清潔用品 > 居家一次性用品 > 免洗餐具
1286,居家 > 清潔用品 > 居家一次性用品 > 免洗餐具 > 免洗杯
1287,居家 > 清潔用品 > 居家一次性用品 > 免洗餐具 > 免洗餐具
1288,居家 > 清潔用品 > 居家一次性用品 > 免洗餐具 > 拋棄式餐巾
1289,居家 > 清潔用品 > 居家一次性用品 > 免洗餐具 > 免洗餐盤
1290,居家 > 清潔用品 > 居家一次性用品 > 免洗餐具 > 拋棄式桌布
1291,居家 > 清潔用品 > 居家一次性用品 > 面紙
1292,居家 > 清潔用品 > 居家一次性用品 > 紙巾
1293,居家 > 清潔用品 > 居家一次性用品 > 衛生紙
1294,居家 > 清潔用品 > 居家一次性用品 > 垃圾袋
1295,居家 > 清潔用品 > 洗衣用品 > 漂白劑和去污劑
1296,居家 > 清潔用品 > 洗衣用品 > 曬衣夾
1297,居家 > 清潔用品 > 洗衣用品 > 乾洗套件組
1298,居家 > 清潔用品 > 洗衣用品 > 曬衣架
1299,居家 > 清潔用品 > 洗衣用品 > 織物除臭劑
1300,居家 > 清潔用品 > 洗衣用品 > 除毛球機
1301,居家 > 清潔用品 > 洗衣用品 > 衣物柔軟精和烘衣片
1302,居家 > 清潔用品 > 洗衣用品 > 布料熨燙漿
1303,居家 > 清潔用品 > 洗衣用品 > 腋下吸汗貼
1304,居家 > 清潔用品 > 洗衣用品 > 蒸汽熨斗
1305,居家 > 清潔用品 > 洗衣用品 > 置物籃
1306,居家 > 清潔用品 > 洗衣用品 > 熨斗架
1307,居家 > 清潔用品 > 洗衣用品 > 燙衣板布套
1308,居家 > 清潔用品 > 洗衣用品 > 燙衣板架
1309,居家 > 清潔用品 > 洗衣用品 > 燙衣板
1310,居家 > 清潔用品 > 洗衣用品 > 熨斗
1311,居家 > 清潔用品 > 洗衣用品 > 洗衣球
1312,居家 > 清潔用品 > 洗衣用品 > 洗衣精
1313,居家 > 清潔用品 > 洗衣用品 > 毛絮黏把
1314,居家 > 清潔用品 > 洗衣用品 > 洗衣袋
1315,居家 > 清潔用品 > 洗衣用品 > 除皺噴霧和防靜電噴霧
1316,居家 > 清潔用品 > 派對用品
1317,居家 > 清潔用品 > 派對用品 > 走道地毯
1318,居家 > 清潔用品 > 派對用品 > 徽章和胸章
1319,居家 > 清潔用品 > 派對用品 > 氣球
1320,居家 > 清潔用品 > 派對用品 > 裝飾掛旗
1321,居家 > 清潔用品 > 派對用品 > 蛋糕裝飾品
1322,居家 > 清潔用品 > 派對用品 > 蠟燭
1323,居家 > 清潔用品 > 派對用品 > 卡盒
1324,居家 > 清潔用品 > 派對用品 > 餐桌中央的擺飾
1325,居家 > 清潔用品 > 派對用品 > 五彩碎紙
1326,居家 > 清潔用品 > 派對用品 > 禮物袋
1327,居家 > 清潔用品 > 派對用品 > 螢光棒
1328,居家 > 清潔用品 > 派對用品 > 訪客留言本
1329,居家 > 清潔用品 > 派對用品 > 邀請卡和信封信紙
1330,居家 > 清潔用品 > 派對用品 > 收納整理用品
1331,居家 > 清潔用品 > 派對用品 > 派對小禮物
1332,居家 > 清潔用品 > 派對用品 > 派對用品套裝組合
1333,居家 > 清潔用品 > 派對用品 > pi√±atas
1334,居家 > 清潔用品 > 派對用品 > 緞帶和蝴蝶结
1335,居家 > 清潔用品 > 派對用品 > 薄纱
1336,居家 > 清潔用品 > 派對用品 > 包裝紙
1337,居家 > 清潔用品 > 鞋類保養
1338,居家 > 清潔用品 > 鞋類保養 > 穿靴器
1339,居家 > 清潔用品 > 鞋類保養 > 鞋袋
1340,居家 > 清潔用品 > 鞋類保養 > 鞋刷
1341,居家 > 清潔用品 > 鞋類保養 > 鞋類保養組
1342,居家 > 清潔用品 > 鞋類保養 > 烘鞋機
1343,居家 > 清潔用品 > 鞋類保養 > 鞋拔
1344,居家 > 清潔用品 > 鞋類保養 > 擦鞋機
1345,居家 > 清潔用品 > 鞋類保養 > 鞋油和鞋蠟
1346,居家 > 清潔用品 > 鞋類保養 > 鞋底清潔機
1347,居家 > 清潔用品 > 鞋類保養 > 鞋類保養品和染劑
1348,居家 > 清潔用品 > 鞋類保養 > 鞋撐和鞋楦
1349,居家 > 清潔用品 > 垃圾桶和廢紙簍
1350,居家 > 清潔用品 > 吸塵器和地板清潔劑 > 臥式吸塵器
1351,居家 > 清潔用品 > 吸塵器和地板清潔劑 > 手持式吸塵器
1352,居家 > 清潔用品 > 吸塵器和地板清潔劑 > 自動吸塵機
1353,居家 > 清潔用品 > 吸塵器和地板清潔劑 > 手持式吸塵器
1354,居家 > 清潔用品 > 吸塵器和地板清潔劑 > 直立式吸塵器
1355,居家 > 清潔用品 > 吸塵器和地板清潔劑 > 吸塵器零件和配件
1356,居家 > 清潔用品 > 吸塵器和地板清潔劑 > 吸塵器
1357,居家 > 家具 > 豆袋椅和充氣家具
1358,居家 > 家具 > 臥室家具 > 衣櫥
1359,居家 > 家具 > 臥室家具 > 臥室家具組
1360,居家 > 家具 > 臥室家具 > 床和床墊
1361,居家 > 家具 > 臥室家具 > 床和床墊 > 床舖和水床配件
1362,居家 > 家具 > 臥室家具 > 床和床墊 > 床和床架
1363,居家 > 家具 > 臥室家具 > 床和床墊 > 床頭板和床尾板
1364,居家 > 家具 > 臥室家具 > 床和床墊 > 充氣床墊
1365,居家 > 家具 > 臥室家具 > 床和床墊 > 床架
1366,居家 > 家具 > 臥室家具 > 床和床墊 > 床墊
1367,居家 > 家具 > 臥室家具 > 衣櫥和抽屜櫃
1368,居家 > 家具 > 臥室家具 > 床頭櫃
1369,居家 > 家具 > 長椅
1370,居家 > 家具 > 餐廳家具 > 酒吧推車和送餐推車
1371,居家 > 家具 > 餐廳家具 > 酒吧高腳椅
1372,居家 > 家具 > 餐廳家具 > 碗櫥與餐具櫃
1373,居家 > 家具 > 餐廳家具 > 中式櫥櫃和展示櫃
1374,居家 > 家具 > 餐廳家具 > 餐椅
1375,居家 > 家具 > 餐廳家具 > 餐桌椅組
1376,居家 > 家具 > 餐廳家具 > 餐桌
1377,居家 > 家具 > 餐廳家具 > 廚房中島
1378,居家 > 家具 > 家具零件和配件
1379,居家 > 家具 > 玄關衣帽架和掛衣架
1380,居家 > 家具 > 客廳家具 > 書架
1381,居家 > 家具 > 客廳家具 > 休閒躺椅
1382,居家 > 家具 > 客廳家具 > 咖啡桌
1383,居家 > 家具 > 客廳家具 > 玄關桌
1384,居家 > 家具 > 客廳家具 > 茶几和邊桌
1385,居家 > 家具 > 客廳家具 > 娛樂設備和電視櫃
1386,居家 > 家具 > 客廳家具 > 沙發床
1387,居家 > 家具 > 客廳家具 > 客廳座椅
1388,居家 > 家具 > 客廳家具 > 客廳家具組
1389,居家 > 家具 > 客廳家具 > 雜誌架
1390,居家 > 家具 > 客廳家具 > 影音光碟收納架
1391,居家 > 家具 > 客廳家具 > 沙發凳和腳凳
1392,居家 > 家具 > 客廳家具 > 沙發、雙人座沙發和 l 型沙發
1393,居家 > 家具 > 辦公室家具 > 書桌
1394,居家 > 家具 > 辦公室家具 > 辦公椅
1395,居家 > 家具 > 辦公室家具 > 辦公室家具組
1396,居家 > 家具 > 辦公室家具 > 辦公室套裝軟體
1397,居家 > 家具 > 辦公室家具 > 收納櫃和檔案櫃
1398,居家 > 家具 > 隔間傢俱
1399,居家 > 家具 > 家具保護套
1400,居家 > 家具 > 行李箱和儲物箱
1401,居家 > 家具 > 梳妝台
1402,居家 > 家具 > 壁櫥和壁架
1403,居家 > 居家用品 > 沐浴 > 沐浴配件 > 鏡子
1404,居家 > 居家用品 > 沐浴 > 沐浴配件 > 馬桶吸盤
1405,居家 > 居家用品 > 沐浴 > 沐浴配件 > 刻度尺
1406,居家 > 居家用品 > 沐浴 > 沐浴配件 > 浴簾桿和掛勾
1407,居家 > 居家用品 > 沐浴 > 沐浴配件 > 蓮蓬頭
1408,居家裝潢 > 建築器材和五金 > 耗材
1409,居家裝潢 > 建築器材和五金 > 耗材 > 灌漿
1410,居家裝潢 > 建築器材和五金 > 耗材 > 絕緣材料
1411,居家裝潢 > 建築器材和五金 > 耗材 > 潤滑劑
1412,居家裝潢 > 建築器材和五金 > 耗材 > 油漆和清漆
1413,居家裝潢 > 建築器材和五金 > 耗材 > 油漆和清漆 > 油漆
1414,居家裝潢 > 建築器材和五金 > 耗材 > 油漆和清漆 > 塗料黏結劑
1415,居家裝潢 > 建築器材和五金 > 耗材 > 油漆和清漆 > 底漆
1416,居家裝潢 > 建築器材和五金 > 耗材 > 油漆和清漆 > 著色劑
1417,居家裝潢 > 建築器材和五金 > 耗材 > 油漆和清漆 > 清漆和塗料
1418,居家裝潢 > 建築器材和五金 > 耗材 > 石膏和修補混合料
1419,居家裝潢 > 建築器材和五金 > 耗材 > 水管底漆
1420,居家裝潢 > 建築器材和五金 > 耗材 > 保護塗層和填縫劑
1421,居家裝潢 > 建築器材和五金 > 耗材 > 鋼筋和綁筋
1422,居家裝潢 > 建築器材和五金 > 耗材 > 焊料和焊劑
1423,居家裝潢 > 建築器材和五金 > 耗材 > 溶劑、去光阻劑和稀釋劑
1424,居家裝潢 > 建築器材和五金 > 耗材 > 穿線器／五金用各類膠帶
1425,居家裝潢 > 建築器材和五金 > 廚房工作檯
1426,居家裝潢 > 建築器材和五金 > 門和門板五金
1427,居家裝潢 > 建築器材和五金 > 門和門板五金 > 門弓器
1428,居家裝潢 > 建築器材和五金 > 門和門板五金 > 門框
1429,居家裝潢 > 建築器材和五金 > 門和門板五金 > 門鉸鏈
1430,居家裝潢 > 建築器材和五金 > 門和門板五金 > 門扇鑰匙孔蓋和鑰匙孔罩
1431,居家裝潢 > 建築器材和五金 > 門和門板五金 > 球型門把和把手
1432,居家裝潢 > 建築器材和五金 > 門和門板五金 > 門扣
1433,居家裝潢 > 建築器材和五金 > 門和門板五金 > 門鎖和鎖機制
1434,居家裝潢 > 建築器材和五金 > 門和門板五金 > 門推板
1435,居家裝潢 > 建築器材和五金 > 門和門板五金 > 門擋
1436,居家裝潢 > 建築器材和五金 > 門和門板五金 > 門扣
1437,居家裝潢 > 建築器材和五金 > 門和門板五金 > 門眼
1438,居家裝潢 > 建築器材和五金 > 門和門板五金 > 門鈴
1439,居家裝潢 > 建築器材和五金 > 門和門板五金 > 門
1440,居家裝潢 > 建築器材和五金 > 門和門板五金 > 鎖閂和螺栓
1441,居家裝潢 > 建築器材和五金 > 門和門板五金 > 紗門
1442,居家裝潢 > 建築器材和五金 > 門和門板五金 > 門窗密封條
1443,居家裝潢 > 建築器材和五金 > 電力和太陽能用品
1444,居家裝潢 > 建築器材和五金 > 電力和太陽能用品 > 斷路器和保險絲盒
1445,居家裝潢 > 建築器材和五金 > 電力和太陽能用品 > 延長線
1446,居家裝潢 > 建築器材和五金 > 電力和太陽能用品 > 發電機
1447,居家裝潢 > 建築器材和五金 > 電力和太陽能用品 > 插頭保護套
1448,居家裝潢 > 建築器材和五金 > 電力和太陽能用品 > 太陽能充電器和變頻器
1449,居家裝潢 > 建築器材和五金 > 電力和太陽能用品 > 太陽能板
1450,居家裝潢 > 建築器材和五金 > 電力和太陽能用品 > 太陽能水泵
1451,居家裝潢 > 建築器材和五金 > 電力和太陽能用品 > 開關板和插座蓋
1452,居家裝潢 > 建築器材和五金 > 電力和太陽能用品 > 開關和插座
1453,居家裝潢 > 建築器材和五金 > 電力和太陽能用品 > 牆壁插座控制器和感應器
1454,居家裝潢 > 建築器材和五金 > 地板材料和磁磚
1455,居家裝潢 > 建築器材和五金 > 地板材料和磁磚 > 地板和牆面磁磚
1456,居家裝潢 > 建築器材和五金 > 地板材料和磁磚 > 鋪地和鋪磚配件
1457,居家裝潢 > 建築器材和五金 > 地板材料和磁磚 > 地板飾條
1458,居家裝潢 > 建築器材和五金 > 地板材料和磁磚 > 地墊
1459,居家裝潢 > 建築器材和五金 > 地板材料和磁磚 > 超耐磨地板和乙烯基地板
1460,居家裝潢 > 建築器材和五金 > 地板材料和磁磚 > 木地板
1461,居家裝潢 > 建築器材和五金 > 車庫門和開啟器
1462,居家裝潢 > 建築器材和五金 > 車庫門和開啟器 > 車庫門零件和配件
1463,居家裝潢 > 建築器材和五金 > 車庫門和開啟器 > 車庫門遙控器
1464,居家裝潢 > 建築器材和五金 > 車庫門和開啟器 > 車庫門
1465,居家裝潢 > 建築器材和五金 > 車庫門和開啟器 > 開門系統
1466,居家裝潢 > 建築器材和五金 > 鎖件和鑰匙
1467,居家裝潢 > 建築器材和五金 > 鎖件和鑰匙 > 鑰匙胚
1468,居家裝潢 > 建築器材和五金 > 鎖件和鑰匙 > 鍵帽
1469,居家裝潢 > 建築器材和五金 > 鎖件和鑰匙 > 門鎖卡門禁系統
1470,居家裝潢 > 建築器材和五金 > 鎖件和鑰匙 > 鎖和閂
1471,居家裝潢 > 建築器材和五金 > 木材和複合材料
1472,居家裝潢 > 建築器材和五金 > 木材和複合材料 > 木材
1473,居家裝潢 > 建築器材和五金 > 木材和複合材料 > 牆板
1474,居家裝潢 > 建築器材和五金 > 木材和複合材料 > 複合木板
1475,居家裝潢 > 建築器材和五金 > 木材和複合材料 > 薄木片板
1476,居家裝潢 > 建築器材和五金 > 信箱和信箱五金
1477,居家裝潢 > 建築器材和五金 > 信箱和信箱五金 > 投信口
1478,居家裝潢 > 建築器材和五金 > 信箱和信箱五金 > 信箱蓋
1479,居家裝潢 > 建築器材和五金 > 信箱和信箱五金 > 信箱外殼
1480,居家裝潢 > 建築器材和五金 > 信箱和信箱五金 > 信箱旗標
1481,居家裝潢 > 建築器材和五金 > 信箱和信箱五金 > 郵箱柱
1482,居家裝潢 > 建築器材和五金 > 信箱和信箱五金 > 信箱替換門片
1483,居家裝潢 > 建築器材和五金 > 信箱和信箱五金 > 郵筒
1484,居家裝潢 > 建築器材和五金 > 釘子、螺絲和固定件
1485,居家裝潢 > 建築器材和五金 > 釘子、螺絲和固定件 > 船錨
1486,居家裝潢 > 建築器材和五金 > 釘子、螺絲和固定件 > 支架和托架
1487,居家裝潢 > 建築器材和五金 > 釘子、螺絲和固定件 > 鏈條接頭和鏈環
1488,居家裝潢 > 建築器材和五金 > 釘子、螺絲和固定件 > 吊鉗和鉤環
1489,居家裝潢 > 建築器材和五金 > 釘子、螺絲和固定件 > 線圈
1490,居家裝潢 > 建築器材和五金 > 釘子、螺絲和固定件 > 扣件組合
1491,居家裝潢 > 建築器材和五金 > 釘子、螺絲和固定件 > 收納線
1492,居家裝潢 > 建築器材和五金 > 釘子、螺絲和固定件 > 鉤子
1493,居家裝潢 > 建築器材和五金 > 釘子、螺絲和固定件 > 美甲
1494,居家裝潢 > 建築器材和五金 > 釘子、螺絲和固定件 > 螺帽和螺栓
1495,居家裝潢 > 建築器材和五金 > 釘子、螺絲和固定件 > 圖釘
1496,居家裝潢 > 建築器材和五金 > 釘子、螺絲和固定件 > 鉚釘
1497,居家裝潢 > 建築器材和五金 > 釘子、螺絲和固定件 > 地螺釘
1498,居家裝潢 > 建築器材和五金 > 釘子、螺絲和固定件 > 螺絲
1499,居家裝潢 > 建築器材和五金 > 釘子、螺絲和固定件 > 彈簧
1500,居家裝潢 > 建築器材和五金 > 釘子、螺絲和固定件 > 螺桿
1501,居家裝潢 > 建築器材和五金 > 釘子、螺絲和固定件 > 功能扣
1502,居家裝潢 > 建築器材和五金 > 釘子、螺絲和固定件 > 洗衣機
1503,居家裝潢 > 建築器材和五金 > 屋頂用品
1504,居家裝潢 > 建築器材和五金 > 屋頂用品 > 屋頂排水溝
1505,居家裝潢 > 建築器材和五金 > 屋頂用品 > 屋頂遮雨板
1506,居家裝潢 > 建築器材和五金 > 屋頂用品 > 蓋板和屋瓦
1507,居家裝潢 > 建築器材和五金 > 外牆板
1508,居家裝潢 > 建築器材和五金 > 樓梯
1509,居家裝潢 > 建築器材和五金 > 壁紙和配件
1510,居家裝潢 > 建築器材和五金 > 壁紙和配件 > 壁紙飾條
1511,居家裝潢 > 建築器材和五金 > 壁紙和配件 > 壁紙壁畫
1512,居家裝潢 > 建築器材和五金 > 壁紙和配件 > 壁紙捲和單張壁紙
1513,居家裝潢 > 建築器材和五金 > 壁紙和配件 > 壁紙工具和配件
1514,居家裝潢 > 建築器材和五金 > 窗戶和窗戶五金
1515,居家裝潢 > 建築器材和五金 > 窗戶和窗戶五金 > 門窗密封條
1516,居家裝潢 > 建築器材和五金 > 窗戶和窗戶五金 > 手搖窗把手
1517,居家裝潢 > 建築器材和五金 > 窗戶和窗戶五金 > 窗框
1518,居家裝潢 > 建築器材和五金 > 窗戶和窗戶五金 > 門窗五金
1519,居家裝潢 > 建築器材和五金 > 窗戶和窗戶五金 > 紗窗
1520,居家裝潢 > 建築器材和五金 > 窗戶和窗戶五金 > 窗框
1521,居家裝潢 > 建築器材和五金 > 窗戶和窗戶五金 > 窗戶
1522,居家裝潢 > 水管維修 > 衛浴套組
1523,居家裝潢 > 水管維修 > 浴缸
1524,居家裝潢 > 水管維修 > 排水管
1525,居家裝潢 > 水管維修 > 水龍頭
1526,居家裝潢 > 水管維修 > 垃圾處理
1527,居家裝潢 > 水管維修 > 水管
1528,居家裝潢 > 水管維修 > 幫浦
1529,居家裝潢 > 水管維修 > 淋浴零件和配件
1530,居家裝潢 > 水管維修 > 淋浴零件和配件 > 浴缸和蓮蓬頭
1531,居家裝潢 > 水管維修 > 淋浴零件和配件 > 電熱水器
1532,居家裝潢 > 水管維修 > 淋浴零件和配件 > 花灑臂和接頭
1533,居家裝潢 > 水管維修 > 淋浴零件和配件 > 淋浴間底座
1534,居家裝潢 > 水管維修 > 淋浴零件和配件 > 淋浴柱
1535,居家裝潢 > 水管維修 > 淋浴零件和配件 > 淋浴拉門和淋浴間
1536,居家裝潢 > 水管維修 > 淋浴零件和配件 > 蓮蓬頭
1537,居家裝潢 > 水管維修 > 淋浴零件和配件 > 淋浴牆和壁板
1538,居家裝潢 > 水管維修 > 淋浴間
1539,居家裝潢 > 水管維修 > 水槽
1540,居家裝潢 > 水管維修 > 浴室零件和配件
1541,居家裝潢 > 水管維修 > 浴室零件和配件 > 浮球閥和拍蓋
1542,居家裝潢 > 水管維修 > 浴室零件和配件 > 坐浴桶水龍頭和噴頭
1543,居家裝潢 > 水管維修 > 浴室零件和配件 > 馬桶和坐浴桶座
1544,居家裝潢 > 水管維修 > 浴室零件和配件 > 馬桶水箱拉桿
1545,居家裝潢 > 水管維修 > 浴室零件和配件 > 馬桶水箱
1546,居家裝潢 > 水管維修 > 浴室零件和配件 > 馬桶附件
1547,居家裝潢 > 水管維修 > 馬桶
1548,居家裝潢 > 水管維修 > 閥、接頭和夾板
1549,居家裝潢 > 水管維修 > 化妝桌
1550,居家裝潢 > 水管維修 > 水位調節器
1551,居家裝潢 > 水管維修 > 軟水劑
1552,居家裝潢 > 水管維修 > 定時灑水器
1553,居家裝潢 > 水管維修 > 井水供應用具
1554,居家裝潢 > 工具 > 氣動工具 > 空氣壓縮機
1555,居家裝潢 > 工具 > 氣動工具 > 氣動工具組合
1556,居家裝潢 > 工具 > 氣動工具 > 氣動工具零件和配件
1557,居家裝潢 > 工具 > 氣動工具 > 切割工具
1558,居家裝潢 > 工具 > 氣動工具 > 鑽頭
1559,居家裝潢 > 工具 > 氣動工具 > 油脂和封劑槍
1560,居家裝潢 > 工具 > 氣動工具 > 研磨機
1561,居家裝潢 > 工具 > 氣動工具 > 鐵鎚
1562,居家裝潢 > 工具 > 氣動工具 > 打釘機
1563,居家裝潢 > 工具 > 氣動工具 > 棘輪
1564,居家裝潢 > 工具 > 氣動工具 > 噴砂機
1565,居家裝潢 > 工具 > 氣動工具 > 研磨機
1566,居家裝潢 > 工具 > 氣動工具 > 扳手
1567,居家裝潢 > 工具 > 手工具 > 鑿子
1568,居家裝潢 > 工具 > 手工具 > 夾具和虎鉗
1569,居家裝潢 > 工具 > 手工具 > 切割機
1570,居家裝潢 > 工具 > 手工具 > 銼刀
1571,居家裝潢 > 工具 > 手工具 > 鐵鎚和木槌
1572,居家裝潢 > 工具 > 手工具 > 手工具零件和配件
1573,居家裝潢 > 工具 > 手工具 > 刀具和刀片
1574,居家裝潢 > 工具 > 手工具 > 混合手工具組
1575,居家裝潢 > 工具 > 手工具 > 瑞士刀
1576,居家裝潢 > 工具 > 手工具 > 撿拾工具
1577,居家裝潢 > 工具 > 手工具 > 刨子
1578,居家裝潢 > 工具 > 手工具 > 鉗
1579,居家裝潢 > 工具 > 手工具 > 撬棒
1580,居家裝潢 > 工具 > 手工具 > 衝孔機
1581,居家裝潢 > 工具 > 手工具 > 油灰刀和刮刀
1582,居家裝潢 > 工具 > 手工具 > 鋸子
1583,居家裝潢 > 工具 > 手工具 > 螺絲起子
1584,居家裝潢 > 工具 > 手工具 > 絲攻和絲板
1585,居家裝潢 > 工具 > 手工具 > 扳手
1586,居家裝潢 > 工具 > 手工具 > 鏝刀
1587,居家裝潢 > 工具 > 手工具 > 絞盤
1588,居家裝潢 > 工具 > 手工具 > 扳手
1589,居家裝潢 > 工具 > 梯子和鷹架 > 爬梯推車
1590,居家裝潢 > 工具 > 梯子和鷹架 > 梯子
1591,居家裝潢 > 工具 > 梯子和鷹架 > 鷹架
1592,居家裝潢 > 工具 > 梯子和鷹架 > 踏腳凳
1593,居家裝潢 > 工具 > 梯子和鷹架 > 工作台
1594,居家裝潢 > 工具 > 砌磚砌石工具
1595,居家裝潢 > 工具 > 砌磚砌石工具 > 砌磚工具
1596,居家裝潢 > 工具 > 砌磚砌石工具 > 混凝土攪拌機
1597,居家裝潢 > 工具 > 砌磚砌石工具 > 作圖線
1598,居家裝潢 > 工具 > 砌磚砌石工具 > 鏝刀
1599,居家裝潢 > 工具 > 砌磚砌石工具 > 灌漿海綿
1600,居家裝潢 > 工具 > 砌磚砌石工具 > 石工磨邊機和挖槽機
1601,居家裝潢 > 工具 > 砌磚砌石工具 > 磚瓦接縫刨
1602,居家裝潢 > 工具 > 砌磚砌石工具 > 鏝刀
1603,居家裝潢 > 工具 > 砌磚砌石工具 > 動力混凝土抹平機
1604,居家裝潢 > 工具 > 測量工具和感測器 > 空氣品質檢測儀
1605,居家裝潢 > 工具 > 測量工具和感測器 > 高度計
1606,居家裝潢 > 工具 > 測量工具和感測器 > 風速計
1607,居家裝潢 > 工具 > 測量工具和感測器 > 氣壓計
1608,居家裝潢 > 工具 > 測量工具和感測器 > 卡尺
1609,居家裝潢 > 工具 > 測量工具和感測器 > 木材株數計量工具
1610,居家裝潢 > 工具 > 測量工具和感測器 > 測距儀
1611,居家裝潢 > 工具 > 測量工具和感測器 > 分配器
1612,居家裝潢 > 工具 > 測量工具和感測器 > 電子測試工具
1613,居家裝潢 > 工具 > 測量工具和感測器 > 水量計和控制器
1614,居家裝潢 > 工具 > 測量工具和感測器 > 氣體偵測器
1615,居家裝潢 > 工具 > 測量工具和感測器 > 量規
1616,居家裝潢 > 工具 > 測量工具和感測器 > 蓋革計數器
1617,居家裝潢 > 工具 > 測量工具和感測器 > 濕度計
1618,居家裝潢 > 工具 > 測量工具和感測器 > 紅外線溫度感測器
1619,居家裝潢 > 工具 > 測量工具和感測器 > 磨刀石
1620,居家裝潢 > 工具 > 測量工具和感測器 > 水平儀
1621,居家裝潢 > 工具 > 測量工具和感測器 > 量尺
1622,居家裝潢 > 工具 > 測量工具和感測器 > 測距輪
1623,居家裝潢 > 工具 > 測量工具和感測器 > 溼度計
1624,居家裝潢 > 工具 > 測量工具和感測器 > 萬用電表
1625,居家裝潢 > 工具 > 測量工具和感測器 > 偵測器和探測儀
1626,居家裝潢 > 工具 > 測量工具和感測器 > 量角器
1627,居家裝潢 > 工具 > 測量工具和感測器 > 鋼筋定位器
1628,居家裝潢 > 工具 > 測量工具和感測器 > 直尺和角尺
1629,居家裝潢 > 工具 > 測量工具和感測器 > 地震儀
1630,居家裝潢 > 工具 > 測量工具和感測器 > 噪音計
1631,居家裝潢 > 工具 > 測量工具和感測器 > 金屬探測器
1632,居家裝潢 > 工具 > 測量工具和感測器 > 捲尺
1633,居家裝潢 > 工具 > 測量工具和感測器 > 經緯儀
1634,居家裝潢 > 工具 > 測量工具和感測器 > 紅外線熱成像儀
1635,居家裝潢 > 工具 > 測量工具和感測器 > 熱電藕和熱電堆
1636,居家裝潢 > 工具 > 測量工具和感測器 > 轉換器
1637,居家裝潢 > 工具 > 測量工具和感測器 > 紫外線光強度計
1638,居家裝潢 > 工具 > 測量工具和感測器 > 振動測量計
1639,居家裝潢 > 工具 > 測量工具和感測器 > 天氣預報用具和氣象觀測站
1640,居家裝潢 > 工具 > 測量工具和感測器 > 酸鹼值測量計
1641,居家裝潢 > 工具 > 各種工具 > 砧
1642,居家裝潢 > 工具 > 各種工具 > 噴燈
1643,居家裝潢 > 工具 > 各種工具 > 夯實機
1644,居家裝潢 > 工具 > 各種工具 > 混凝土掃帚
1645,居家裝潢 > 工具 > 各種工具 > 去毛邊機
1646,居家裝潢 > 工具 > 各種工具 > 滑輪底座和手拉車
1647,居家裝潢 > 工具 > 各種工具 > 手電筒
1648,居家裝潢 > 工具 > 各種工具 > 手持動力攪拌機
1649,居家裝潢 > 工具 > 各種工具 > 檢查鏡
1650,居家裝潢 > 工具 > 各種工具 > 燈泡更換器
1651,居家裝潢 > 工具 > 各種工具 > 磁性掃把
1652,居家裝潢 > 建築器材和五金 > 施工圖和藍圖
1653,居家裝潢 > 建築器材和五金 > 櫥櫃和櫥櫃五金
1654,居家裝潢 > 建築器材和五金 > 櫥櫃和櫥櫃五金 > 櫥櫃鎖和抽屜鎖
1655,居家裝潢 > 建築器材和五金 > 櫥櫃和櫥櫃五金 > 櫃門拉把背板
1656,居家裝潢 > 建築器材和五金 > 櫥櫃和櫥櫃五金 > 櫥櫃門扣
1657,居家裝潢 > 建築器材和五金 > 櫥櫃和櫥櫃五金 > 櫥櫃鉸鏈
1658,居家裝潢 > 建築器材和五金 > 櫥櫃和櫥櫃五金 > 櫃子鑰匙孔蓋和鑰匙孔罩
1659,居家裝潢 > 建築器材和五金 > 櫥櫃和櫥櫃五金 > 壁櫥球型門把和拉把
1660,居家裝潢 > 建築器材和五金 > 櫥櫃和櫥櫃五金 > 櫥櫃
1661,居家裝潢 > 建築器材和五金 > 櫥櫃和櫥櫃五金 > 抽屜滑軌
1662,居家裝潢 > 建築器材和五金 > 鍊條、線材和繩子
1663,居家裝潢 > 建築器材和五金 > 鍊條、線材和繩子 > 彈跳繩
1664,居家裝潢 > 建築器材和五金 > 鍊條、線材和繩子 > 鍊子
1665,居家裝潢 > 建築器材和五金 > 鍊條、線材和繩子 > 繩索
1666,居家裝潢 > 建築器材和五金 > 鍊條、線材和繩子 > 綑綁帶
1667,居家裝潢 > 建築器材和五金 > 鍊條、線材和繩子 > 細繩
1668,居家裝潢 > 建築器材和五金 > 鍊條、線材和繩子 > 設施纜線
1669,居家裝潢 > 建築器材和五金 > 耗材 > 磚塊和混凝土塊
1670,居家裝潢 > 建築器材和五金 > 耗材 > 水泥、砂漿和混凝土
1671,居家裝潢 > 建築器材和五金 > 耗材 > 化學藥劑
1672,居家裝潢 > 建築器材和五金 > 耗材 > 灰泥板
1673,居家裝潢 > 建築器材和五金 > 耗材 > 玻璃
1674,居家裝潢 > 建築器材和五金 > 耗材 > 膠水和黏著劑
1675,珠寶和鐘錶 > 首飾 > 骨灰紀念珠寶首飾
1676,珠寶和鐘錶 > 首飾 > 訂婚首飾
1677,珠寶和鐘錶 > 首飾 > 訂婚首飾 > 婚嫁珠寶首飾
1678,珠寶和鐘錶 > 首飾 > 訂婚首飾 > 訂婚和結婚對戒
1679,珠寶和鐘錶 > 首飾 > 訂婚首飾 > 訂婚戒指
1680,珠寶和鐘錶 > 首飾 > 訂婚首飾 > 婚禮和紀念日樂隊
1681,珠寶和鐘錶 > 首飾 > 散珠
1682,珠寶和鐘錶 > 首飾 > 散装寶石
1683,珠寶和鐘錶 > 首飾 > 男性珠寶
1684,珠寶和鐘錶 > 首飾 > 男性珠寶 > 保羅領帶
1685,珠寶和鐘錶 > 首飾 > 男性珠寶 > 手鐲
1686,珠寶和鐘錶 > 首飾 > 男性珠寶 > 袖扣和鈕扣
1687,珠寶和鐘錶 > 首飾 > 男性珠寶 > 耳環
1688,珠寶和鐘錶 > 首飾 > 男性珠寶 > 首飾套組
1689,珠寶和鐘錶 > 首飾 > 男性珠寶 > 別針和胸針
1690,珠寶和鐘錶 > 首飾 > 男性珠寶 > 項鍊
1691,珠寶和鐘錶 > 首飾 > 男性珠寶 > 戒指
1692,珠寶和鐘錶 > 首飾 > 男性珠寶 > 領帶夾
1693,珠寶和鐘錶 > 手錶 > 手錶配件 > 錶帶
1694,珠寶和鐘錶 > 手錶 > 手錶配件 > 手錶收納盒
1695,珠寶和鐘錶 > 手錶 > 手錶配件 > 手錶使用手冊和說明書
1696,珠寶和鐘錶 > 手錶 > 手錶配件 > 手錶零件
1697,珠寶和鐘錶 > 手錶 > 手錶配件 > 手錶維修工具組和工具
1698,珠寶和鐘錶 > 手錶 > 手錶配件 > 自動上鍊盒
1699,珠寶和鐘錶 > 手錶 > 手錶零件與配件
1700,露台和花園 > 園藝用品
1701,露台和花園 > 園藝用品 > 園藝造景材料
1702,露台和花園 > 園藝用品 > 園藝造景材料 > 邊飾和邊框
1703,露台和花園 > 園藝用品 > 園藝造景材料 > 園藝布
1704,露台和花園 > 園藝用品 > 園藝造景材料 > 園林園藝用石
1705,露台和花園 > 園藝用品 > 園藝造景材料 > 橋路面鋪裝
1706,露台和花園 > 園藝用品 > 園藝造景材料 > 草皮
1707,露台和花園 > 園藝用品 > 園藝造景材料 > 人造草皮
1708,露台和花園 > 園藝用品 > 除雪器具
1709,露台和花園 > 園藝用品 > 除雪器具 > 除冰劑
1710,露台和花園 > 園藝用品 > 除雪器具 > 雪鏟和刮冰器
1711,露台和花園 > 園藝用品 > 雜草和病蟲害防治
1712,露台和花園 > 園藝用品 > 雜草和病蟲害防治 > 殺蟲劑
1713,露台和花園 > 園藝用品 > 雜草和病蟲害防治 > 殺蟲劑 > 霧化器
1714,露台和花園 > 園藝用品 > 雜草和病蟲害防治 > 殺蟲劑 > 驅蟲噴霧劑
1715,露台和花園 > 園藝用品 > 雜草和病蟲害防治 > 殺蟲劑 > 捕蟲器和餌料
1716,露台和花園 > 園藝用品 > 雜草和病蟲害防治 > 殺蟲劑 > 捕蚊燈
1717,露台和花園 > 園藝用品 > 雜草和病蟲害防治 > 殺蟲劑 > 殺蟲劑
1718,露台和花園 > 園藝用品 > 雜草和病蟲害防治 > 殺蟲劑 > 蒼蠅拍
1719,露台和花園 > 園藝用品 > 雜草和病蟲害防治 > 防護網
1720,露台和花園 > 園藝用品 > 雜草和病蟲害防治 > 捕鼠器和捕獸器
1721,露台和花園 > 園藝用品 > 雜草和病蟲害防治 > 老鼠藥和餌料
1722,露台和花園 > 園藝用品 > 雜草和病蟲害防治 > 超音波驅蟲器
1723,露台和花園 > 園藝用品 > 雜草和病蟲害防治 > 雜草防治
1724,露台和花園 > 園藝用品 > 雜草和病蟲害防治 > 雜草防治 > 除草劑和殺菌劑
1725,露台和花園 > 園藝用品 > 雜草和病蟲害防治 > 雜草防治 > 雜草抑制蓆
1726,露台和花園 > 園藝用品 > 雜草和病蟲害防治 > 雜草防治 > 除草劑
1727,露台和花園 > 園藝用品 > 雜草和病蟲害防治 > 雜草防治 > 除草機
1728,露台和花園 > 戶外家具 > 吊床
1729,露台和花園 > 戶外家具 > 戶外床
1730,露台和花園 > 戶外家具 > 戶外用毯
1731,露台和花園 > 戶外家具 > 戶外椅、長椅和搖椅
1732,露台和花園 > 戶外家具 > 戶外靠墊
1733,露台和花園 > 戶外家具 > 戶外家具套
1734,露台和花園 > 戶外家具 > 戶外家具零件和配件
1735,露台和花園 > 戶外家具 > 戶外家具組
1736,露台和花園 > 戶外家具 > 戶外電暖器
1737,露台和花園 > 戶外家具 > 戶外椅凳
1738,露台和花園 > 戶外家具 > 戶外沙發
1739,露台和花園 > 戶外家具 > 戶外儲物箱
1740,露台和花園 > 戶外家具 > 戶外桌
1741,露台和花園 > 室外燈具 > 花園和露台火炬
1742,露台和花園 > 室外燈具 > 景觀和步道燈
1743,露台和花園 > 室外燈具 > 戶外裝飾蠟燭營燈
1744,露台和花園 > 室外燈具 > 戶外安全和泛光燈
1745,露台和花園 > 室外燈具 > 戶外串燈
1746,露台和花園 > 室外燈具 > 戶外壁燈和門廊燈
1747,露台和花園 > 戶外發電設備 > 鏈鋸
1748,露台和花園 > 戶外發電設備 > 切片機、切碎機和地膜敷蓋機
1749,露台和花園 > 戶外發電設備 > 割草機
1750,露台和花園 > 戶外發電設備 > 草皮剪
1751,露台和花園 > 戶外發電設備 > 籬笆和雜草修剪器
1752,露台和花園 > 戶外發電設備 > 鑽孔機和螺旋鑽頭
1753,露台和花園 > 戶外發電設備 > 除草機零件和配件
1754,露台和花園 > 戶外發電設備 > 除草機
1755,露台和花園 > 戶外發電設備 > 吹葉機和吸葉機
1756,露台和花園 > 戶外發電設備 > 劈柴機
1757,露台和花園 > 戶外發電設備 > 戶外發電設備電池
1758,露台和花園 > 戶外發電設備 > 戶外發電設備組
1759,露台和花園 > 戶外發電設備 > 高壓清洗機
1760,露台和花園 > 戶外發電設備 > 鏟雪機
1761,露台和花園 > 戶外發電設備 > 清掃機
1762,露台和花園 > 戶外發電設備 > 翻土機
1763,露台和花園 > 植物養護、土壤和配件 > 樹皮木屑有機覆蓋物
1764,露台和花園 > 植物養護、土壤和配件 > 肥料
1765,露台和花園 > 植物養護、土壤和配件 > 防霜
1766,露台和花園 > 植物養護、土壤和配件 > 園藝噴霧器
1767,露台和花園 > 植物養護、土壤和配件 > 水分和酸鹼度測定計
1768,露台和花園 > 植物養護、土壤和配件 > 植物掛鉤和吊架
1769,露台和花園 > 植物養護、土壤和配件 > 植物標牌
1770,露台和花園 > 植物養護、土壤和配件 > 花架
1771,露台和花園 > 植物養護、土壤和配件 > 植物固定夾和支柱
1772,露台和花園 > 植物養護、土壤和配件 > 耕種畫線器
1773,露台和花園 > 植物養護、土壤和配件 > 花盆和盆栽
1774,露台和花園 > 植物養護、土壤和配件 > 育苗盆和育苗盤
1775,露台和花園 > 植物養護、土壤和配件 > 播種機
1776,露台和花園 > 植物養護、土壤和配件 > 土壤和土壤改良劑
1777,露台和花園 > 植物、種子和球莖 > 苔蘚
1778,露台和花園 > 植物、種子和球莖 > 菇菇太空包及工具組
1779,露台和花園 > 植物、種子和球莖 > 植物栽種套組
1780,露台和花園 > 植物、種子和球莖 > 植物和幼苗
1781,露台和花園 > 植物、種子和球莖 > 種子和球莖
1782,露台和花園 > 池塘和水池造景 > 戶外噴泉
1783,露台和花園 > 池塘和水池造景 > 水池和噴泉馬達
1784,露台和花園 > 池塘和水池造景 > 池塘除冰器
1785,露台和花園 > 池塘和水池造景 > 水池造景
1786,露台和花園 > 池塘和水池造景 > 池塘濾材
1787,露台和花園 > 池塘和水池造景 > 水池過濾器材
1788,露台和花園 > 池塘和水池造景 > 池塘燈
1789,露台和花園 > 池塘和水池造景 > 池塘標線器
1790,露台和花園 > 池塘和水池造景 > 池塘吸塵機
1791,露台和花園 > 池塘和水池造景 > 池塘水質檢測和水質改良劑
1792,露台和花園 > 池塘和水池造景 > 水池
1793,露台和花園 > 池塘和水池造景 > 瀑布箱和溢洪道
1794,露台和花園 > 泳池和水療 > 泳池消毒劑和檢測劑
1795,露台和花園 > 泳池和水療 > 泳池消毒劑和檢測劑 > 游泳池和水療池溫度計
1796,露台和花園 > 泳池和水療 > 泳池消毒劑和檢測劑 > 泳池消毒劑和澄清劑
1797,露台和花園 > 泳池和水療 > 泳池消毒劑和檢測劑 > 泳池水質檢測工具組
1798,露台和花園 > 泳池和水療 > 泳池清潔工具
1799,露台和花園 > 泳池和水療 > 泳池清潔工具 > 手持泳池清潔刷和撈網
1800,露台和花園 > 泳池和水療 > 泳池清潔工具 > 泳池清洗機和吸塵器
1801,露台和花園 > 泳池和水療 > 泳池清潔工具 > 泳池水管
1802,露台和花園 > 泳池和水療 > 泳池設備和零件
1803,露台和花園 > 泳池和水療 > 泳池設備和零件 > 泳池燈和水療池燈
1804,露台和花園 > 泳池和水療 > 泳池設備和零件 > 泳池氯化器
1805,露台和花園 > 泳池和水療 > 泳池設備和零件 > 泳池蓋布和收捲機
1806,露台和花園 > 泳池和水療 > 泳池設備和零件 > 泳池圍欄
1807,露台和花園 > 泳池和水療 > 泳池設備和零件 > 泳池過濾器
1808,露台和花園 > 泳池和水療 > 泳池設備和零件 > 泳池加熱器和太陽能板
1809,露台和花園 > 泳池和水療 > 泳池設備和零件 > 游泳池梯子和台階
1810,露台和花園 > 泳池和水療 > 泳池設備和零件 > 泳池襯墊
1811,露台和花園 > 泳池和水療 > 泳池設備和零件 > 泳池泵
1812,露台和花園 > 泳池和水療 > 泳池設備和零件 > 泳池撇渣系統和撇渣籃
1813,露台和花園 > 泳池和水療 > 泳池設備和零件 > 泳池水滑梯和跳水板
1814,露台和花園 > 泳池和水療 > 泳池充氣浮床和浮台
1815,露台和花園 > 泳池和水療 > 泳池玩具
1816,露台和花園 > 泳池和水療 > 桑拿加熱器
1817,露台和花園 > 泳池和水療 > 桑拿
1818,露台和花園 > 泳池和水療 > 水療池和熱水缸罩
1819,露台和花園 > 泳池和水療 > 水療和熱水浴缸
1820,露台和花園 > 泳池和水療 > 游泳池
1821,露台和花園 > 結構
1822,露台和花園 > 結構 > 棚架和拱門
1823,露台和花園 > 結構 > 遮陽／雨棚和頂棚
1824,露台和花園 > 結構 > 橋樑
1825,露台和花園 > 結構 > 涼亭
1826,露台和花園 > 結構 > 溫室
1827,露台和花園 > 結構 > 遮篷和帳篷
1828,露台和花園 > 結構 > 涼棚
1829,露台和花園 > 結構 > 遮陽帆
1830,露台和花園 > 結構 > 儲藏間
1831,露台和花園 > 結構 > 雨傘
1832,露台和花園 > 澆水設備 > 墊片、夾具和接頭
1833,露台和花園 > 澆水設備 > 滴灌
1834,露台和花園 > 澆水設備 > 澆水器
1835,露台和花園 > 澆水設備 > 庭院水管導向器
1836,露台和花園 > 澆水設備 > 軟管噴嘴和硬管
1837,露台和花園 > 澆水設備 > 軟管捲盤和收納
1838,露台和花園 > 澆水設備 > 軟管
1839,露台和花園 > 澆水設備 > 草坪灑水器
1840,露台和花園 > 澆水設備 > 接頭
1841,露台和花園 > 澆水設備 > 閥門
1842,露台和花園 > 澆水設備 > 抽水機和壓力箱
1843,露台和花園 > 澆水設備 > 蓄水槽和集雨桶
1844,露台和花園 > 澆水設備 > 澆水器
1845,露台和花園 > 澆水設備 > 澆水定時器和控制器
1846,露台和花園 > 燒烤和戶外烹調 > 燒烤架替換零件
1847,露台和花園 > 燒烤和戶外烹調 > 烤肉工具和配件
1848,露台和花園 > 燒烤和戶外烹調 > 烤爐防塵套和燒烤蓋
1849,露台和花園 > 燒烤和戶外烹調 > 烤肉架、烤肉爐和無煙燒烤爐
1850,露台和花園 > 燒烤和戶外烹調 > 火爐和煙囪
1851,露台和花園 > 禽鳥和野生動物配件
1852,露台和花園 > 禽鳥和野生動物配件 > 鳥類餵食器
1853,露台和花園 > 禽鳥和野生動物配件 > 鳥用水盆
1854,露台和花園 > 禽鳥和野生動物配件 > 鳥屋
1855,露台和花園 > 禽鳥和野生動物配件 > 蝴蝶餵食器
1856,露台和花園 > 禽鳥和野生動物配件 > 松鼠餵食器
1857,露台和花園 > 禽鳥和野生動物配件 > 野生動物窩
1858,露台和花園 > 圍籬
1859,露台和花園 > 圍籬 > 鐵絲網圍欄
1860,露台和花園 > 圍籬 > 圍籬板
1861,露台和花園 > 圍籬 > 柵欄椿
1862,露台和花園 > 圍籬 > 圍籬椿
1863,露台和花園 > 圍籬 > 大門
1864,露台和花園 > 圍籬 > 金屬網
1865,露台和花園 > 圍籬 > 各式柱座
1866,露台和花園 > 圍籬 > 柱帽和打樁機
1867,露台和花園 > 圍籬 > 防窺保護貼和擋風玻璃
1868,露台和花園 > 圍籬 > 欄杆扶手
1869,露台和花園 > 圍籬 > 棚架
1870,露台和花園 > 花園裝飾 > 旗子和旗杆
1871,露台和花園 > 花園裝飾 > 室外溫度計
1872,露台和花園 > 花園裝飾 > 銘牌和告示牌
1873,露台和花園 > 花園裝飾 > 雨量計
1874,露台和花園 > 花園裝飾 > 雕像和草坪裝飾品
1875,露台和花園 > 花園裝飾 > 踏腳石
1876,露台和花園 > 花園裝飾 > 日晷
1877,露台和花園 > 花園裝飾 > 風向標
1878,露台和花園 > 花園裝飾 > 風鈴
1879,露台和花園 > 花園裝飾 > 風車和風轉盤
1880,露台和花園 > 園藝手工具和設備 > 斧頭和手斧
1881,露台和花園 > 園藝手工具和設備 > 盆景工具
1882,露台和花園 > 園藝手工具和設備 > 叉子
1883,露台和花園 > 園藝手工具和設備 > 採果機
1884,露台和花園 > 園藝手工具和設備 > 庭院工具架
1885,露台和花園 > 園藝手工具和設備 > 園藝工具組
1886,露台和花園 > 園藝手工具和設備 > 樹籬剪和草剪
1887,露台和花園 > 園藝手工具和設備 > 鋤頭和耕耘機
1888,露台和花園 > 園藝手工具和設備 > 鬆土用釘鞋
1889,露台和花園 > 園藝手工具和設備 > 草坪滾壓器
1890,露台和花園 > 園藝手工具和設備 > 修枝強力剪
1891,露台和花園 > 園藝手工具和設備 > 手動修邊器
1892,露台和花園 > 園藝手工具和設備 > 十字鎬
1893,露台和花園 > 園藝手工具和設備 > 零件和配件
1894,露台和花園 > 園藝手工具和設備 > 鑽孔機和螺旋鑽頭
1895,露台和花園 > 園藝手工具和設備 > 修枝剪
1896,露台和花園 > 園藝手工具和設備 > 耙子
1897,露台和花園 > 園藝手工具和設備 > 鋸子
1898,露台和花園 > 園藝手工具和設備 > 鐮刀
1899,露台和花園 > 園藝手工具和設備 > 鏟子
1900,露台和花園 > 園藝手工具和設備 > 鏝刀
1901,露台和花園 > 園藝手工具和設備 > 獨輪推車、購物推車和載貨推車
1902,露台和花園 > 園藝用品 > 庭院堆肥箱
1903,露台和花園 > 園藝用品 > 庭院堆肥箱 > 堆肥
1904,露台和花園 > 園藝用品 > 庭院堆肥箱 > 堆肥加速器
1905,露台和花園 > 園藝用品 > 庭院堆肥箱 > 堆肥通氣設備
1906,露台和花園 > 園藝用品 > 庭院堆肥箱 > 堆肥袋
1907,露台和花園 > 園藝用品 > 庭院堆肥箱 > 蚯蚓
1908,露台和花園 > 園藝用品 > 庭院堆肥箱 > 堆肥桶
1909,露台和花園 > 園藝用品 > 園藝服裝和裝備
1910,露台和花園 > 園藝用品 > 園藝服裝和裝備 > 園藝跪墊、坐墊和座椅
1911,露台和花園 > 園藝用品 > 園藝服裝和裝備 > 園藝工作鞋
1912,露台和花園 > 園藝用品 > 園藝服裝和裝備 > 園藝手套
1913,露台和花園 > 園藝用品 > 園藝服裝和裝備 > 工具架、工具圍裙和工具腰帶
1914,露台和花園 > 園藝用品 > 水耕育苗
1915,露台和花園 > 園藝用品 > 水耕育苗 > 環境控制
1916,露台和花園 > 園藝用品 > 水耕育苗 > 植物生長燈安定器
1917,露台和花園 > 園藝用品 > 水耕育苗 > 植物生長燈燈泡
1918,露台和花園 > 園藝用品 > 水耕育苗 > 植物生長燈具組
1919,露台和花園 > 園藝用品 > 水耕育苗 > 植物生長燈零件和配件
1920,露台和花園 > 園藝用品 > 水耕育苗 > 培養基
1921,露台和花園 > 園藝用品 > 水耕育苗 > 水耕零件和配件
1922,露台和花園 > 園藝用品 > 水耕育苗 > 水耕系統
1923,露台和花園 > 園藝用品 > 水耕育苗 > 營養素、酸鹼性調整劑和其他營養補充劑
1924,露台和花園 > 園藝用品 > 水耕育苗 > 帳篷、防水布和貨架
1925,露台和花園 > 園藝用品 > 園藝造景材料 > 錨釘、釘槍針和營釘
1926,運動用品 > 緊急避難包
1927,運動用品 > 緊急避難包 > 地震警報器
1928,運動用品 > 緊急避難包 > 救生毯
1929,運動用品 > 緊急避難包 > 儲備糧食組合
1930,運動用品 > 緊急避難包 > 急難因應工具和套組
1931,運動用品 > 運動用品 > 掃帚球
1932,運動用品 > 運動用品 > 掃帚球 > 掃帚球掃帚
1933,運動用品 > 運動用品 > 掃帚球 > 冰上掃帚球
1934,運動用品 > 運動用品 > 掃帚球 > 服裝和鞋子
1935,運動用品 > 運動用品 > 掃帚球 > 防護裝置
1936,運動用品 > 運動用品 > 掃帚球 > 防護裝置 > 護胸
1937,運動用品 > 運動用品 > 掃帚球 > 防護裝置 > 手套
1938,運動用品 > 運動用品 > 掃帚球 > 防護裝置 > 守門員面罩
1939,運動用品 > 運動用品 > 掃帚球 > 防護裝置 > 安全帽
1940,運動用品 > 運動用品 > 掃帚球 > 防護裝置 > 護膝護肘
1941,運動用品 > 運動用品 > 掃帚球 > 防護裝置 > 護脛
1942,運動用品 > 運動用品 > 啦啦隊
1943,運動用品 > 運動用品 > 啦啦隊 > 服飾和配件
1944,運動用品 > 運動用品 > 啦啦隊 > 服飾和配件 > 髮飾
1945,運動用品 > 運動用品 > 啦啦隊 > 服飾和配件 > 服裝
1946,運動用品 > 運動用品 > 啦啦隊 > 服飾和配件 > 彩球
1947,運動用品 > 運動用品 > 啦啦隊 > 服飾和配件 > 鞋類
1948,運動用品 > 運動用品 > 啦啦隊 > 訓練器材
1949,運動用品 > 運動用品 > 啦啦隊 > 訓練器材 > 地板和導軌
1950,運動用品 > 運動用品 > 啦啦隊 > 訓練器材 > 著陸墊
1951,運動用品 > 運動用品 > 啦啦隊 > 訓練器材 > 防護墊
1952,運動用品 > 運動用品 > 啦啦隊 > 訓練器材 > 跳板和彈跳床
1953,運動用品 > 運動用品 > 啦啦隊 > 訓練器材 > 訓練軟墊
1954,運動用品 > 運動用品 > 教練和裁判裝備
1955,運動用品 > 運動用品 > 教練和裁判裝備 > 隊長臂章
1956,運動用品 > 運動用品 > 教練和裁判裝備 > 裁判用擲幣和擲片
1957,運動用品 > 運動用品 > 教練和裁判裝備 > 巡邊旗和邊線標記貼
1958,運動用品 > 運動用品 > 教練和裁判裝備 > 大聲公
1959,運動用品 > 運動用品 > 教練和裁判裝備 > 犯規牌卡和旗幟
1960,運動用品 > 運動用品 > 教練和裁判裝備 > 裁判台和裁判椅
1961,運動用品 > 運動用品 > 教練和裁判裝備 > 裁判皮夾
1962,運動用品 > 運動用品 > 教練和裁判裝備 > 計分板和計分卡
1963,運動用品 > 運動用品 > 教練和裁判裝備 > 制服
1964,運動用品 > 運動用品 > 教練和裁判裝備 > 口哨
1965,運動用品 > 運動用品 > 圍籬
1966,運動用品 > 運動用品 > 圍籬 > 服裝和鞋子
1967,運動用品 > 運動用品 > 圍籬 > 擊劍武器
1968,運動用品 > 運動用品 > 圍籬 > 防護裝置
1969,運動用品 > 運動用品 > 圍籬 > 防護裝置 > 護胸
1970,運動用品 > 運動用品 > 圍籬 > 防護裝置 > 手套和護腕
1971,運動用品 > 運動用品 > 圍籬 > 防護裝置 > 夾克和導電衣
1972,運動用品 > 運動用品 > 圍籬 > 防護裝置 > 面膜
1973,運動用品 > 運動用品 > 圍籬 > 防護裝置 > 制服
1974,運動用品 > 運動用品 > 通用設備
1975,運動用品 > 運動用品 > 通用設備 > 運動護襠
1976,運動用品 > 運動用品 > 通用設備 > 球推車
1977,運動用品 > 運動用品 > 通用設備 > 球類打氣筒
1978,運動用品 > 運動用品 > 通用設備 > 高海拔訓練面罩
1979,運動用品 > 運動用品 > 通用設備 > 運動墊收納架
1980,運動用品 > 運動用品 > 通用設備 > 健身和身體活動監測器
1981,運動用品 > 運動用品 > 通用設備 > 握把止滑噴劑和止滑粉
1982,運動用品 > 運動用品 > 通用設備 > 健身房地墊
1983,運動用品 > 運動用品 > 通用設備 > 護齒
1984,運動用品 > 運動用品 > 通用設備 > 反光裝備
1985,運動用品 > 運動用品 > 通用設備 > 速度和敏捷性訓練用繩梯、欄架和角錐
1986,運動用品 > 運動用品 > 通用設備 > 體育場座椅和座墊
1987,運動用品 > 運動用品 > 通用設備 > 碼錶
1988,運動用品 > 運動用品 > 體操
1989,運動用品 > 運動用品 > 體操 > 單槓和平衡木
1990,運動用品 > 運動用品 > 體操 > 地板系統
1991,運動用品 > 運動用品 > 體操 > 體操單槓
1992,運動用品 > 運動用品 > 體操 > 體操手套
1993,運動用品 > 運動用品 > 體操 > 體操吊環
1994,運動用品 > 運動用品 > 體操 > 跳板
1995,運動用品 > 運動用品 > 體操 > 鞍馬
1996,運動用品 > 運動用品 > 溜冰
1997,運動用品 > 運動用品 > 溜冰 > 刀套
1998,運動用品 > 運動用品 > 溜冰 > 服飾
1999,運動用品 > 運動用品 > 溜冰 > 花式溜冰鞋
2000,運動用品 > 運動用品 > 溜冰 > 溜冰鞋冰刀
2001,運動用品 > 運動用品 > 溜冰 > 溜冰鞋冰刀磨刀器
2002,運動用品 > 運動用品 > 溜冰 > 溜冰
2003,運動用品 > 運動用品 > 溜冰 > 鞋帶束緊器
2004,運動用品 > 運動用品 > 溜冰 > 防護裝置
2005,運動用品 > 運動用品 > 溜冰 > 防護裝置 > 護胸
2006,運動用品 > 運動用品 > 溜冰 > 防護裝置 > 護手綁帶
2007,運動用品 > 運動用品 > 溜冰 > 防護裝置 > 頭盔
2008,運動用品 > 運動用品 > 溜冰 > 防護裝置 > 護膝護肘
2009,運動用品 > 運動用品 > 英式橄欖球 > 球衣和釘鞋
2010,運動用品 > 運動用品 > 英式橄欖球 > 防護裝置
2011,運動用品 > 運動用品 > 英式橄欖球 > 防護裝置 > 英式橄欖球手套
2012,運動用品 > 運動用品 > 英式橄欖球 > 防護裝置 > 英式橄欖球頭部護具
2013,運動用品 > 運動用品 > 英式橄欖球 > 防護裝置 > 墊肩
2014,運動用品 > 運動用品 > 英式橄欖球 > 防護裝置 > 橄欖球撲摟衣
2015,運動用品 > 運動用品 > 英式橄欖球 > 橄欖球
2016,運動用品 > 運動用品 > 英式橄欖球 > 英式橄欖球球門柱
2017,運動用品 > 運動用品 > 英式橄欖球 > 訓練輔助器
2018,運動用品 > 運動用品 > 足球 > 球衣和釘鞋
2019,運動用品 > 運動用品 > 足球 > 防護裝置
2020,運動用品 > 運動用品 > 足球 > 防護裝置 > 守門員褲
2021,運動用品 > 運動用品 > 足球 > 防護裝置 > 守門員上衣
2022,運動用品 > 運動用品 > 足球 > 防護裝置 > 護頭
2023,運動用品 > 運動用品 > 足球 > 防護裝置 > 護脛
2024,運動用品 > 運動用品 > 足球 > 防護裝置 > 足球手套
2025,運動用品 > 運動用品 > 足球 > 足球
2026,運動用品 > 運動用品 > 足球 > 足球球門和球網
2027,運動用品 > 運動用品 > 足球 > 訓練器材
2028,運動用品 > 運動用品 > 網球和球拍運動 > 羽毛球
2029,運動用品 > 運動用品 > 網球和球拍運動 > 羽毛球 > 羽球網
2030,運動用品 > 運動用品 > 網球和球拍運動 > 羽毛球 > 羽球拍
2031,運動用品 > 運動用品 > 網球和球拍運動 > 羽毛球 > 羽毛球
2032,運動用品 > 運動用品 > 網球和球拍運動 > 球類和球拍配件
2033,運動用品 > 運動用品 > 網球和球拍運動 > 球類和球拍配件 > 球拍配件
2034,運動用品 > 運動用品 > 網球和球拍運動 > 球類和球拍配件 > 球拍穿線機
2035,運動用品 > 運動用品 > 網球和球拍運動 > 球類和球拍配件 > 網球撿球機和置球車
2036,運動用品 > 運動用品 > 網球和球拍運動 > 球類和球拍配件 > 網球發球機
2037,運動用品 > 運動用品 > 網球和球拍運動 > 球類和球拍配件 > 網球壓力保存罐
2038,運動用品 > 運動用品 > 網球和球拍運動 > 服裝和鞋子
2039,運動用品 > 運動用品 > 網球和球拍運動 > 匹克球和板網球器材
2040,運動用品 > 運動用品 > 網球和球拍運動 > 壁球
2041,運動用品 > 運動用品 > 網球和球拍運動 > 壁球 > 壁球
2042,運動用品 > 運動用品 > 網球和球拍運動 > 壁球 > 壁球手套
2043,運動用品 > 運動用品 > 網球和球拍運動 > 壁球 > 壁球護目鏡
2044,運動用品 > 運動用品 > 網球和球拍運動 > 壁球 > 壁球拍
2045,運動用品 > 運動用品 > 網球和球拍運動 > 網球
2046,運動用品 > 運動用品 > 網球和球拍運動 > 網球 > 網球袋
2047,運動用品 > 運動用品 > 網球和球拍運動 > 網球 > 網球
2048,運動用品 > 運動用品 > 網球和球拍運動 > 網球 > 網球網
2049,運動用品 > 運動用品 > 網球和球拍運動 > 網球 > 網球拍
2050,運動用品 > 運動用品 > 田徑運動 > 鐵餅
2051,運動用品 > 運動用品 > 田徑運動 > 跳高橫竿
2052,運動用品 > 運動用品 > 田徑運動 > 標槍
2053,運動用品 > 運動用品 > 田徑運動 > 鉛球
2054,運動用品 > 運動用品 > 田徑運動 > 鏈球
2055,運動用品 > 運動用品 > 田徑運動 > 田徑運動配件
2056,運動用品 > 運動用品 > 田徑運動 > 田徑沙坑
2057,運動用品 > 運動用品 > 田徑運動 > 田徑欄架
2058,運動用品 > 運動用品 > 田徑運動 > 徑賽起跑架
2059,運動用品 > 運動用品 > 田徑運動 > 撐竿
2060,運動用品 > 運動用品 > 排球 > 防護裝置
2061,運動用品 > 運動用品 > 排球 > 防護裝置 > 束套和護具
2062,運動用品 > 運動用品 > 排球 > 防護裝置 > 護膝
2063,運動用品 > 運動用品 > 排球 > 排球相關配件
2064,運動用品 > 運動用品 > 排球 > 排球相關配件 > 推車和吊床
2065,運動用品 > 運動用品 > 排球 > 排球相關配件 > 訓練器材
2066,運動用品 > 運動用品 > 排球 > 排球相關配件 > 排球袋
2067,運動用品 > 運動用品 > 排球 > 排球網和固定桿
2068,運動用品 > 運動用品 > 排球 > 排球
2069,運動用品 > 運動用品 > 摔角
2070,運動用品 > 運動用品 > 摔角 > 服裝和鞋子
2071,運動用品 > 運動用品 > 摔角 > 防護裝置
2072,運動用品 > 運動用品 > 摔角 > 防護裝置 > 頭盔
2073,運動用品 > 運動用品 > 摔角 > 防護裝置 > 護膝
2074,運動用品 > 運動用品 > 摔角 > 摔角墊
2075,運動用品 > 戶外休閒 > 打獵和射擊
2076,運動用品 > 戶外休閒 > 打獵和射擊 > 狩獵配件
2077,運動用品 > 戶外休閒 > 打獵和射擊 > 狩獵配件 > 野生動物引誘劑
2078,運動用品 > 戶外休閒 > 打獵和射擊 > 狩獵配件 > 野生動物引誘劑 > 獵物誘哨
2079,運動用品 > 戶外休閒 > 打獵和射擊 > 狩獵配件 > 野生動物引誘劑 > 獵物餵食器
2080,運動用品 > 戶外休閒 > 打獵和射擊 > 狩獵配件 > 野生動物引誘劑 > 狩獵誘餌、飼料和微量元素
2081,運動用品 > 戶外休閒 > 打獵和射擊 > 狩獵配件 > 野生動物引誘劑 > 狩獵誘餌
2082,運動用品 > 戶外休閒 > 打獵和射擊 > 狩獵服裝
2083,運動用品 > 戶外休閒 > 打獵和射擊 > 狩獵服裝 > 吉利服
2084,運動用品 > 戶外休閒 > 打獵和射擊 > 狩獵服裝 > 狩獵手套
2085,運動用品 > 戶外休閒 > 打獵和射擊 > 狩獵服裝 > 狩獵外套
2086,運動用品 > 戶外休閒 > 打獵和射擊 > 狩獵服裝 > 狩獵背心
2087,運動用品 > 戶外休閒 > 打獵和射擊 > 狩獵服裝 > 狩獵涉水褲
2088,運動用品 > 戶外休閒 > 打獵和射擊 > 射擊配件
2089,運動用品 > 戶外休閒 > 打獵和射擊 > 射擊配件 > 陶土飛靶投擲機
2090,運動用品 > 戶外休閒 > 打獵和射擊 > 射擊配件 > 陶土飛靶
2091,運動用品 > 戶外休閒 > 打獵和射擊 > 射擊配件 > 槍枝烤漆和包膜
2092,運動用品 > 戶外休閒 > 打獵和射擊 > 射擊配件 > 射擊護目鏡
2093,運動用品 > 戶外休閒 > 打獵和射擊 > 射擊配件 > 射擊支撐台
2094,運動用品 > 戶外休閒 > 打獵和射擊 > 射擊配件 > 射擊槍架和兩腳架
2095,運動用品 > 戶外休閒 > 打獵和射擊 > 射擊配件 > 射擊標靶
2096,運動用品 > 戶外休閒 > 打獵和射擊 > 軍規用品
2097,運動用品 > 戶外休閒 > 打獵和射擊 > 軍規用品 > 護甲
2098,運動用品 > 戶外休閒 > 打獵和射擊 > 軍規用品 > 戰術袋
2099,運動用品 > 戶外休閒 > 打獵和射擊 > 軍規用品 > 戰術手套
2100,運動用品 > 戶外休閒 > 打獵和射擊 > 軍規用品 > 戰術腿掛
2101,運動用品 > 戶外休閒 > 打獵和射擊 > 軍規用品 > 戰術褲
2102,運動用品 > 戶外休閒 > 打獵和射擊 > 軍規用品 > 戰術鞋
2103,運動用品 > 戶外休閒 > 打獵和射擊 > 軍規用品 > 戰術槍帶
2104,運動用品 > 戶外休閒 > 打獵和射擊 > 軍規用品 > 戰術背心和胸掛
2105,運動用品 > 戶外休閒 > 打獵和射擊 > 動物標本
2106,運動用品 > 戶外休閒 > 打獵和射擊 > 標本用品
2107,運動用品 > 戶外休閒 > 風箏越野車
2108,運動用品 > 戶外休閒 > 漆彈和空氣軟槍
2109,運動用品 > 戶外休閒 > 漆彈和空氣軟槍 > 空氣軟槍
2110,運動用品 > 戶外休閒 > 漆彈和空氣軟槍 > 空氣軟槍 > 空氣軟槍零件和配件
2111,運動用品 > 戶外休閒 > 漆彈和空氣軟槍 > 空氣軟槍 > 空氣軟槍零件和配件 > 空氣軟槍握把
2112,運動用品 > 戶外休閒 > 漆彈和空氣軟槍 > 空氣軟槍 > 空氣軟槍零件和配件 > 空氣軟槍槍管
2113,運動用品 > 戶外休閒 > 漆彈和空氣軟槍 > 空氣軟槍 > 空氣軟槍零件和配件 > 空氣軟槍電池
2114,運動用品 > 戶外休閒 > 漆彈和空氣軟槍 > 空氣軟槍 > 空氣軟槍零件和配件 > 空氣軟槍彈匣
2115,運動用品 > 戶外休閒 > 漆彈和空氣軟槍 > 空氣軟槍 > 空氣軟槍
2116,運動用品 > 戶外休閒 > 漆彈和空氣軟槍 > 空氣軟槍 > 空氣軟槍彈粒
2117,運動用品 > 戶外休閒 > 漆彈和空氣軟槍 > 漆彈
2118,運動用品 > 戶外休閒 > 漆彈和空氣軟槍 > 漆彈和空氣軟槍器材袋
2119,運動用品 > 戶外休閒 > 漆彈和空氣軟槍 > 漆彈和空氣軟槍槍套
2120,運動用品 > 戶外休閒 > 漆彈和空氣軟槍 > 漆彈和空氣軟槍光學瞄準鏡
2121,運動用品 > 戶外休閒 > 漆彈和空氣軟槍 > 漆彈和空氣軟槍套組
2122,運動用品 > 戶外休閒 > 漆彈和空氣軟槍 > 漆彈和空氣軟槍靶
2123,運動用品 > 戶外休閒 > 漆彈和空氣軟槍 > 漆彈 > 服裝和鞋子
2124,運動用品 > 戶外休閒 > 漆彈和空氣軟槍 > 漆彈 > 漆彈充填站
2125,運動用品 > 戶外休閒 > 漆彈和空氣軟槍 > 漆彈 > 漆彈手榴彈發射器
2126,運動用品 > 戶外休閒 > 漆彈和空氣軟槍 > 漆彈 > 漆彈槍零件和配件
2127,運動用品 > 戶外休閒 > 漆彈和空氣軟槍 > 漆彈 > 漆彈槍零件和配件 > 漆彈氣瓶延伸器
2128,運動用品 > 戶外休閒 > 漆彈和空氣軟槍 > 漆彈 > 漆彈槍零件和配件 > 漆彈頸座
2129,運動用品 > 戶外休閒 > 漆彈和空氣軟槍 > 漆彈 > 漆彈槍零件和配件 > 漆彈槍柄
2130,運動用品 > 戶外休閒 > 漆彈和空氣軟槍 > 漆彈 > 漆彈槍零件和配件 > 漆彈槍槍管
2131,運動用品 > 戶外休閒 > 漆彈和空氣軟槍 > 漆彈 > 漆彈槍零件和配件 > 漆彈彈斗
2132,運動用品 > 戶外休閒 > 漆彈和空氣軟槍 > 漆彈 > 漆彈槍零件和配件 > 漆彈調節閥
2133,運動用品 > 戶外休閒 > 漆彈和空氣軟槍 > 漆彈 > 漆彈槍零件和配件 > 漆彈壓力氣瓶
2134,運動用品 > 戶外休閒 > 漆彈和空氣軟槍 > 漆彈 > 漆彈槍零件和配件 > 漆彈扳機和槍把
2135,運動用品 > 戶外休閒 > 漆彈和空氣軟槍 > 漆彈 > 漆彈槍
2136,運動用品 > 戶外休閒 > 漆彈和空氣軟槍 > 漆彈 > 漆彈胸背帶和彈夾
2137,運動用品 > 戶外休閒 > 漆彈和空氣軟槍 > 漆彈 > 漆彈
2138,運動用品 > 戶外休閒 > 漆彈和空氣軟槍 > 防護裝置
2139,運動用品 > 戶外休閒 > 漆彈和空氣軟槍 > 防護裝置 > 漆彈和空氣軟槍護胸
2140,運動用品 > 戶外休閒 > 漆彈和空氣軟槍 > 防護裝置 > 漆彈和空氣軟槍手套
2141,運動用品 > 戶外休閒 > 漆彈和空氣軟槍 > 防護裝置 > 漆彈和空氣軟槍面罩
2142,運動用品 > 戶外休閒 > 漆彈和空氣軟槍 > 防護裝置 > 漆彈和空氣軟槍保護墊
2143,運動用品 > 戶外休閒 > 跳傘和懸掛式滑翔
2144,運動用品 > 戶外休閒 > 跳傘和懸掛式滑翔 > 機體
2145,運動用品 > 戶外休閒 > 跳傘和懸掛式滑翔 > 衣物和防護裝備
2146,運動用品 > 戶外休閒 > 跳傘和懸掛式滑翔 > 衣物和防護裝備 > 跳傘裝
2147,運動用品 > 戶外休閒 > 跳傘和懸掛式滑翔 > 衣物和防護裝備 > 高空跳傘護目鏡
2148,運動用品 > 戶外休閒 > 跳傘和懸掛式滑翔 > 衣物和防護裝備 > 跳傘背帶系統
2149,運動用品 > 戶外休閒 > 跳傘和懸掛式滑翔 > 衣物和防護裝備 > 高空彈跳頭盔
2150,運動用品 > 戶外休閒 > 跳傘和懸掛式滑翔 > 衣物和防護裝備 > 飛鼠裝和氣衣
2151,運動用品 > 戶外休閒 > 跳傘和懸掛式滑翔 > 完整用具套裝
2152,運動用品 > 戶外休閒 > 跳傘和懸掛式滑翔 > 滑翔翼
2153,運動用品 > 戶外休閒 > 跳傘和懸掛式滑翔 > 降落傘傘衣
2154,運動用品 > 戶外休閒 > 跳傘和懸掛式滑翔 > 降落傘
2155,運動用品 > 戶外休閒 > 跳傘和懸掛式滑翔 > 滑翔傘
2156,運動用品 > 戶外休閒 > 跳傘和懸掛式滑翔 > 變量計和高度計
2157,運動用品 > 運動用品 > 棒球和壘球 > 棒球和壘球棒
2158,運動用品 > 運動用品 > 棒球和壘球 > 棒球和壘球
2159,運動用品 > 運動用品 > 棒球和壘球 > 野外設備
2160,運動用品 > 運動用品 > 棒球和壘球 > 野外設備 > 擋球網
2161,運動用品 > 運動用品 > 棒球和壘球 > 野外設備 > 壘包和壘板
2162,運動用品 > 運動用品 > 棒球和壘球 > 野外設備 > 投球墊和打擊墊
2163,運動用品 > 運動用品 > 棒球和壘球 > 手套
2164,運動用品 > 運動用品 > 棒球和壘球 > 球衣和釘鞋
2165,運動用品 > 運動用品 > 棒球和壘球 > 防護裝置
2166,運動用品 > 運動用品 > 棒球和壘球 > 防護裝置 > 打擊頭盔
2167,運動用品 > 運動用品 > 棒球和壘球 > 防護裝置 > 護胸
2168,運動用品 > 運動用品 > 棒球和壘球 > 防護裝置 > 護腿
2169,運動用品 > 運動用品 > 棒球和壘球 > 防護裝置 > 裁判裝備
2170,運動用品 > 運動用品 > 棒球和壘球 > 訓練器材
2171,運動用品 > 運動用品 > 棒球和壘球 > 訓練器材 > 擊球座
2172,運動用品 > 運動用品 > 棒球和壘球 > 訓練器材 > 投球計數器
2173,運動用品 > 運動用品 > 棒球和壘球 > 訓練器材 > 發球機
2174,運動用品 > 運動用品 > 棒球和壘球 > 訓練器材 > 測速槍和速度感測器
2175,運動用品 > 運動用品 > 棒球和壘球 > 訓練器材 > 裁判計分器
2176,運動用品 > 運動用品 > 棒球和壘球 > 訓練器材 > 加重球和球棒
2177,運動用品 > 運動用品 > 籃球 > 籃球
2178,運動用品 > 運動用品 > 籃球 > 籃框和籃框配件
2179,運動用品 > 運動用品 > 籃球 > 籃框和籃框配件 > 籃板
2180,運動用品 > 運動用品 > 籃球 > 籃框和籃框配件 > 籃球架防撞條
2181,運動用品 > 運動用品 > 籃球 > 籃框和籃框配件 > 籃球架柱
2182,運動用品 > 運動用品 > 籃球 > 籃框和籃框配件 > 籃框
2183,運動用品 > 運動用品 > 籃球 > 籃框和籃框配件 > 籃框和籃網
2184,運動用品 > 運動用品 > 籃球 > 球衣
2185,運動用品 > 運動用品 > 籃球 > 訓練輔助器
2186,運動用品 > 運動用品 > 拳擊與武術 > 拳擊擂台
2187,運動用品 > 運動用品 > 拳擊與武術 > 服飾和配件
2188,運動用品 > 運動用品 > 拳擊與武術 > 服飾和配件 > 拳擊和武術手套
2189,運動用品 > 運動用品 > 拳擊與武術 > 服飾和配件 > 拳擊和武術短褲
2190,運動用品 > 運動用品 > 拳擊與武術 > 服飾和配件 > 武術腰帶
2191,運動用品 > 運動用品 > 拳擊與武術 > 服飾和配件 > 武術服和套裝
2192,運動用品 > 運動用品 > 拳擊與武術 > 武術武器
2193,運動用品 > 運動用品 > 拳擊與武術 > 防護裝置
2194,運動用品 > 運動用品 > 拳擊與武術 > 防護裝置 > 護臂
2195,運動用品 > 運動用品 > 拳擊與武術 > 防護裝置 > 護胸
2196,運動用品 > 運動用品 > 拳擊與武術 > 防護裝置 > 護手綁帶
2197,運動用品 > 運動用品 > 拳擊與武術 > 防護裝置 > 頭盔
2198,運動用品 > 運動用品 > 拳擊與武術 > 防護裝置 > 護膝護肘
2199,運動用品 > 運動用品 > 拳擊與武術 > 防護裝置 > 護脛
2200,運動用品 > 運動用品 > 拳擊與武術 > 訓練器材
2201,運動用品 > 運動用品 > 拳擊與武術 > 訓練器材 > 攻擊墊和拳靶
2202,運動用品 > 運動用品 > 拳擊與武術 > 訓練器材 > 地墊和墊片
2203,運動用品 > 運動用品 > 拳擊與武術 > 訓練器材 > 搏擊假人
2204,運動用品 > 運動用品 > 拳擊與武術 > 訓練器材 > 沙包
2205,運動用品 > 運動用品 > 拳擊與武術 > 訓練器材 > 打擊墊和手套
2206,運動用品 > 運動用品 > 板球 > 服裝和鞋子
2207,運動用品 > 運動用品 > 板球 > 板球
2208,運動用品 > 運動用品 > 板球 > 板球拍
2209,運動用品 > 運動用品 > 板球 > 板球用具組
2210,運動用品 > 運動用品 > 板球 > 板球門柱
2211,運動用品 > 運動用品 > 板球 > 防護裝置
2212,運動用品 > 運動用品 > 板球 > 防護裝置 > 護胸和護腿
2213,運動用品 > 運動用品 > 板球 > 防護裝置 > 手套
2214,運動用品 > 運動用品 > 板球 > 防護裝置 > 安全帽
2215,運動用品 > 運動用品 > 舞蹈和體操 > 嬰幼兒舞衣
2216,運動用品 > 運動用品 > 舞蹈和體操 > 兒童舞衣
2217,運動用品 > 運動用品 > 舞蹈和體操 > 兒童舞衣 > 洋裝和紗裙
2218,運動用品 > 運動用品 > 舞蹈和體操 > 兒童舞衣 > 暖腿襪套
2219,運動用品 > 運動用品 > 舞蹈和體操 > 兒童舞衣 > 緊身褲
2220,運動用品 > 運動用品 > 舞蹈和體操 > 兒童舞衣 > 緊身舞衣
2221,運動用品 > 運動用品 > 舞蹈和體操 > 兒童舞衣 > 長短褲
2222,運動用品 > 運動用品 > 舞蹈和體操 > 兒童舞衣 > 上衣和襯衫
2223,運動用品 > 運動用品 > 舞蹈和體操 > 舞蹈配件
2224,運動用品 > 運動用品 > 舞蹈和體操 > 舞蹈裝備
2225,運動用品 > 運動用品 > 舞蹈和體操 > 舞蹈裝備 > 芭蕾把杆
2226,運動用品 > 運動用品 > 舞蹈和體操 > 舞蹈裝備 > 舞蹈地板
2227,運動用品 > 運動用品 > 舞蹈和體操 > 舞蹈裝備 > 聚酯薄膜鏡
2228,運動用品 > 運動用品 > 舞蹈和體操 > 舞鞋
2229,運動用品 > 運動用品 > 舞蹈和體操 > 舞蹈服裝
2230,運動用品 > 運動用品 > 舞蹈和體操 > 緊身舞衣
2231,運動用品 > 運動用品 > 舞蹈和體操 > 男士舞衣
2232,運動用品 > 運動用品 > 舞蹈和體操 > 男士舞衣 > 暖腿襪套
2233,運動用品 > 運動用品 > 舞蹈和體操 > 男士舞衣 > 緊身褲
2234,運動用品 > 運動用品 > 舞蹈和體操 > 男士舞衣 > 長短褲
2235,運動用品 > 運動用品 > 舞蹈和體操 > 男士舞衣 > 上衣和襯衫
2236,運動用品 > 運動用品 > 舞蹈和體操 > 女性舞衣
2237,運動用品 > 運動用品 > 舞蹈和體操 > 女性舞衣 > 暖腿襪套
2238,運動用品 > 運動用品 > 舞蹈和體操 > 女性舞衣 > 緊身褲
2239,運動用品 > 運動用品 > 舞蹈和體操 > 女性舞衣 > 緊身舞衣
2240,運動用品 > 運動用品 > 舞蹈和體操 > 女性舞衣 > 長短褲
2241,運動用品 > 運動用品 > 舞蹈和體操 > 女性舞衣 > 裙子
2242,運動用品 > 運動用品 > 舞蹈和體操 > 女性舞衣 > 上衣和襯衫
2243,運動用品 > 運動用品 > 曲棍球和袋棍球 > 草地曲棍球
2244,運動用品 > 運動用品 > 曲棍球和袋棍球 > 草地曲棍球 > 草地曲棍球用球
2245,運動用品 > 運動用品 > 曲棍球和袋棍球 > 草地曲棍球 > 草地曲棍球門
2246,運動用品 > 運動用品 > 曲棍球和袋棍球 > 草地曲棍球 > 草地曲棍球棍
2247,運動用品 > 運動用品 > 曲棍球和袋棍球 > 長曲棍球
2248,運動用品 > 運動用品 > 曲棍球和袋棍球 > 長曲棍球 > 長曲棍球
2249,運動用品 > 運動用品 > 曲棍球和袋棍球 > 長曲棍球 > 袋棍球裝備組
2250,運動用品 > 運動用品 > 曲棍球和袋棍球 > 長曲棍球 > 長曲棍球球門
2251,運動用品 > 運動用品 > 曲棍球和袋棍球 > 長曲棍球 > 長曲棍球棍
2252,運動用品 > 運動用品 > 曲棍球和袋棍球 > 防護裝置
2253,運動用品 > 運動用品 > 曲棍球和袋棍球 > 防護裝置 > 手套
2254,運動用品 > 運動用品 > 曲棍球和袋棍球 > 防護裝置 > 護目鏡和面罩
2255,運動用品 > 運動用品 > 曲棍球和袋棍球 > 防護裝置 > 安全帽
2256,運動用品 > 運動用品 > 曲棍球和袋棍球 > 防護裝置 > 拳靶和護胸
2257,運動用品 > 運動用品 > 曲棍球和袋棍球 > 訓練輔助器
2258,運動用品 > 運動用品 > 美式足球 > 服裝和鞋子
2259,運動用品 > 運動用品 > 美式足球 > 美式足球訓練用假人和雪橇
2260,運動用品 > 運動用品 > 美式足球 > 足球手套
2261,運動用品 > 運動用品 > 美式足球 > 美式足球球門柱
2262,運動用品 > 運動用品 > 美式足球 > 美式足球踢球座
2263,運動用品 > 運動用品 > 美式足球 > 美式足球
2264,運動用品 > 運動用品 > 美式足球 > 防護裝置
2265,運動用品 > 運動用品 > 美式足球 > 防護裝置 > 美式足球褲
2266,運動用品 > 運動用品 > 美式足球 > 防護裝置 > 束腹
2267,運動用品 > 運動用品 > 美式足球 > 防護裝置 > 安全帽
2268,運動用品 > 運動用品 > 美式足球 > 防護裝置 > 護頸領
2269,運動用品 > 運動用品 > 美式足球 > 防護裝置 > 肋骨防護衫
2270,運動用品 > 運動用品 > 美式足球 > 防護裝置 > 墊肩
2271,運動用品 > 運動用品 > 高爾夫球 > 高爾夫球配件
2272,運動用品 > 運動用品 > 高爾夫球 > 高爾夫球配件 > 高爾夫球配件組
2273,運動用品 > 運動用品 > 高爾夫球 > 高爾夫球配件 > 高爾夫球袋護套
2274,運動用品 > 運動用品 > 高爾夫球 > 高爾夫球配件 > 高爾夫球袋
2275,運動用品 > 運動用品 > 高爾夫球 > 高爾夫球配件 > 高爾夫果嶺叉
2276,運動用品 > 運動用品 > 高爾夫球 > 高爾夫球配件 > 高爾夫旗幟
2277,運動用品 > 運動用品 > 高爾夫球 > 高爾夫球配件 > 高爾夫手套
2278,運動用品 > 運動用品 > 高爾夫球 > 高爾夫球配件 > 高爾夫球桿凹槽磨刀器
2279,運動用品 > 運動用品 > 高爾夫球 > 高爾夫球配件 > 高爾夫球推車
2280,運動用品 > 運動用品 > 高爾夫球 > 高爾夫球配件 > 高爾夫球測距儀
2281,運動用品 > 運動用品 > 高爾夫球 > 高爾夫球配件 > 高爾夫計桿器
2282,運動用品 > 運動用品 > 高爾夫球 > 高爾夫球配件 > 高爾夫球釘座
2283,運動用品 > 運動用品 > 高爾夫球 > 高爾夫球配件 > 高爾夫球巾
2284,運動用品 > 運動用品 > 高爾夫球 > 高爾夫球配件 > 高爾夫球傘
2285,運動用品 > 運動用品 > 高爾夫球 > 高爾夫球配件
2286,運動用品 > 運動用品 > 高爾夫球 > 高爾夫球配件 > 高爾夫球球標
2287,運動用品 > 運動用品 > 高爾夫球 > 高爾夫球配件 > 高爾夫撿球器
2288,運動用品 > 運動用品 > 高爾夫球 > 高爾夫球配件 > 高爾夫球吊牌
2289,運動用品 > 運動用品 > 高爾夫球 > 高爾夫球
2290,運動用品 > 運動用品 > 高爾夫球 > 高爾夫球桿零件和配件
2291,運動用品 > 運動用品 > 高爾夫球 > 高爾夫球桿零件和配件 > 高爾夫球桿握把
2292,運動用品 > 運動用品 > 高爾夫球 > 高爾夫球桿零件和配件 > 高爾夫球桿保護套
2293,運動用品 > 運動用品 > 高爾夫球 > 高爾夫球桿零件和配件 > 高爾夫球桿頭
2294,運動用品 > 運動用品 > 高爾夫球 > 高爾夫球桿零件和配件 > 高爾夫球桿桿身
2295,運動用品 > 運動用品 > 高爾夫球 > 高爾夫球桿
2296,運動用品 > 運動用品 > 高爾夫球 > 高爾夫訓練輔助器材
2297,運動用品 > 運動用品 > 高爾夫球 > 高爾夫訓練輔助器材 > 高爾夫球網、球籠和打擊墊
2298,運動用品 > 運動用品 > 高爾夫球 > 高爾夫訓練輔助器材 > 推桿果嶺
2299,運動用品 > 運動用品 > 高爾夫球 > 高爾夫訓練輔助器材 > 揮桿練習器
2300,運動用品 > 運動用品 > 冰上和滑輪曲棍球 > 服裝和鞋子
2301,運動用品 > 運動用品 > 冰上和滑輪曲棍球 > 曲棍球和冰上曲棍球
2302,運動用品 > 運動用品 > 冰上和滑輪曲棍球 > 曲棍球球門
2303,運動用品 > 運動用品 > 冰上和滑輪曲棍球 > 曲棍球鞋
2304,運動用品 > 運動用品 > 冰上和滑輪曲棍球 > 曲棍球雪橇
2305,運動用品 > 運動用品 > 冰上和滑輪曲棍球 > 曲棍球桿
2306,運動用品 > 運動用品 > 冰上和滑輪曲棍球 > 防護裝置
2307,運動用品 > 運動用品 > 冰上和滑輪曲棍球 > 防護裝置 > 護胸
2308,運動用品 > 運動用品 > 冰上和滑輪曲棍球 > 防護裝置 > 護肘
2309,運動用品 > 運動用品 > 冰上和滑輪曲棍球 > 防護裝置 > 手套
2310,運動用品 > 運動用品 > 冰上和滑輪曲棍球 > 防護裝置 > 守門員裝備
2311,運動用品 > 運動用品 > 冰上和滑輪曲棍球 > 防護裝置 > 安全帽
2312,運動用品 > 運動用品 > 冰上和滑輪曲棍球 > 防護裝置 > 褲裝
2313,運動用品 > 運動用品 > 冰上和滑輪曲棍球 > 防護裝置 > 護脛
2314,運動用品 > 運動用品 > 冰上和滑輪曲棍球 > 防護裝置 > 吊帶和腰帶
2315,運動用品 > 戶外休閒 > 射箭
2316,運動用品 > 戶外休閒 > 射箭 > 射箭配件
2317,運動用品 > 戶外休閒 > 射箭 > 射箭配件 > 弓袋和弓箱
2318,運動用品 > 戶外休閒 > 射箭 > 射箭配件 > 放箭器
2319,運動用品 > 戶外休閒 > 射箭 > 射箭配件 > 射箭瞄準器
2320,運動用品 > 戶外休閒 > 射箭 > 射箭配件 > 射箭安定桿
2321,運動用品 > 戶外休閒 > 射箭 > 射箭配件 > 箭靶
2322,運動用品 > 戶外休閒 > 射箭 > 射箭配件 > 箭座
2323,運動用品 > 戶外休閒 > 射箭 > 射箭配件 > 護弓繩
2324,運動用品 > 戶外休閒 > 射箭 > 射箭配件 > 弓弦
2325,運動用品 > 戶外休閒 > 射箭 > 射箭配件 > 箭筒
2326,運動用品 > 戶外休閒 > 射箭 > 箭矢
2327,運動用品 > 戶外休閒 > 射箭 > 射箭組
2328,運動用品 > 戶外休閒 > 射箭 > 弓箭零件
2329,運動用品 > 戶外休閒 > 射箭 > 弓箭零件 > 箭羽
2330,運動用品 > 戶外休閒 > 射箭 > 弓箭零件 > 箭扣
2331,運動用品 > 戶外休閒 > 射箭 > 弓箭零件 > 箭頭
2332,運動用品 > 戶外休閒 > 射箭 > 弓箭零件 > 箭桿
2333,運動用品 > 戶外休閒 > 射箭 > 弓
2334,運動用品 > 戶外休閒 > 射箭 > 弓 > 複合弓
2335,運動用品 > 戶外休閒 > 射箭 > 弓 > 十字弓
2336,運動用品 > 戶外休閒 > 射箭 > 弓 > 反曲弓和長弓
2337,運動用品 > 戶外休閒 > 射箭 > 防護裝置
2338,運動用品 > 戶外休閒 > 射箭 > 防護裝置 > 射箭手套
2339,運動用品 > 戶外休閒 > 射箭 > 防護裝置 > 護臂和護胸
2340,運動用品 > 戶外休閒 > 射箭 > 防護裝置 > 護指
2341,運動用品 > 戶外休閒 > 馬術
2342,運動用品 > 戶外休閒 > 馬術 > 服裝和鞋子
2343,運動用品 > 戶外休閒 > 馬術 > 服裝和鞋子 > 伐木或馬術專用套褲和長褲
2344,運動用品 > 戶外休閒 > 馬術 > 服裝和鞋子 > 帽子
2345,運動用品 > 戶外休閒 > 馬術 > 服裝和鞋子 > 外套
2346,運動用品 > 戶外休閒 > 馬術 > 服裝和鞋子 > 騎馬褲
2347,運動用品 > 戶外休閒 > 馬術 > 服裝和鞋子 > 騎士靴
2348,運動用品 > 戶外休閒 > 馬術 > 服裝和鞋子 > 騎士手套
2349,運動用品 > 戶外休閒 > 馬術 > 服裝和鞋子 > 襯衫
2350,運動用品 > 戶外休閒 > 馬術 > 服裝和鞋子 > 背心
2351,運動用品 > 戶外休閒 > 馬術 > 馬匹養護
2352,運動用品 > 戶外休閒 > 馬術 > 馬匹養護 > 蚊蟲驅離劑
2353,運動用品 > 戶外休閒 > 馬術 > 馬匹養護 > 馬匹梳洗用品組合
2354,運動用品 > 戶外休閒 > 馬術 > 馬匹養護 > 馬蹄油和保溼乳
2355,運動用品 > 戶外休閒 > 馬術 > 馬匹養護 > 銼刀和修蹄工具
2356,運動用品 > 戶外休閒 > 馬術 > 馬匹養護 > 馬毛剪
2357,運動用品 > 戶外休閒 > 馬術 > 馬匹養護 > 馬用梳和毛刷
2358,運動用品 > 戶外休閒 > 馬術 > 馬匹養護 > 馬用洗毛精和護毛乳
2359,運動用品 > 戶外休閒 > 馬術 > 馬匹養護 > 馬用驅蟲劑
2360,運動用品 > 戶外休閒 > 馬術 > 馬匹養護 > 馬汗刮刀
2361,運動用品 > 戶外休閒 > 馬術 > 馬匹養護 > 接尾
2362,運動用品 > 戶外休閒 > 馬術 > 馬車
2363,運動用品 > 戶外休閒 > 馬術 > 馬飼料
2364,運動用品 > 戶外休閒 > 馬術 > 馬飼料 > 馬飼料
2365,運動用品 > 戶外休閒 > 馬術 > 馬飼料 > 馬用補品
2366,運動用品 > 戶外休閒 > 馬術 > 馬飼料 > 馬零食
2367,運動用品 > 戶外休閒 > 馬術 > 跳馬跨欄和場地器材
2368,運動用品 > 戶外休閒 > 馬術 > 跳馬跨欄和場地器材 > 跳馬跨欄
2369,運動用品 > 戶外休閒 > 馬術 > 跳馬跨欄和場地器材 > 調馬索和鼻勒
2370,運動用品 > 戶外休閒 > 馬術 > 跳馬跨欄和場地器材 > 調馬索肚帶和護墊
2371,運動用品 > 戶外休閒 > 馬術 > 跳馬跨欄和場地器材 > 牛仔競技和套索器材
2372,運動用品 > 戶外休閒 > 馬術 > 馬服
2373,運動用品 > 戶外休閒 > 馬術 > 馬服 > 防蚊頭罩
2374,運動用品 > 戶外休閒 > 馬術 > 馬服 > 放牧口套
2375,運動用品 > 戶外休閒 > 馬術 > 馬服 > 頭罩和頸套
2376,運動用品 > 戶外休閒 > 馬術 > 馬服 > 馬毯和馬鋪單
2377,運動用品 > 戶外休閒 > 馬術 > 馬服 > 馬蹄靴和馬腿繃帶
2378,運動用品 > 戶外休閒 > 馬術 > 馬服 > 護肩
2379,運動用品 > 戶外休閒 > 馬術 > 馬服 > 尾袋和尾套
2380,運動用品 > 戶外休閒 > 馬術 > 防護裝置
2381,運動用品 > 戶外休閒 > 馬術 > 防護裝置 > 防護背心
2382,運動用品 > 戶外休閒 > 馬術 > 防護裝置 > 安全帽
2383,運動用品 > 戶外休閒 > 馬術 > 防護裝置 > 安全背心
2384,運動用品 > 戶外休閒 > 馬術 > 馬鞍和馬具
2385,運動用品 > 戶外休閒 > 馬術 > 馬鞍和馬具 > 胸套
2386,運動用品 > 戶外休閒 > 馬術 > 馬鞍和馬具 > 馬銜
2387,運動用品 > 戶外休閒 > 馬術 > 馬鞍和馬具 > 馬籠頭
2388,運動用品 > 戶外休閒 > 馬術 > 馬鞍和馬具 > 肚帶
2389,運動用品 > 戶外休閒 > 馬術 > 馬鞍和馬具 > 馬用籠頭
2390,運動用品 > 戶外休閒 > 馬術 > 馬鞍和馬具 > 馬具
2391,運動用品 > 戶外休閒 > 馬術 > 馬鞍和馬具 > 韁繩
2392,運動用品 > 戶外休閒 > 馬術 > 馬鞍和馬具 > 馬頷韁和胸帶
2393,運動用品 > 戶外休閒 > 馬術 > 馬鞍和馬具 > 韁繩
2394,運動用品 > 戶外休閒 > 馬術 > 馬鞍和馬具 > 短馬鞭與鞭子
2395,運動用品 > 戶外休閒 > 馬術 > 馬鞍和馬具 > 馬鞍配件
2396,運動用品 > 戶外休閒 > 馬術 > 馬鞍和馬具 > 馬鞍配件 > 鞍袋
2397,運動用品 > 戶外休閒 > 馬術 > 馬鞍和馬具 > 馬鞍配件 > 鞍座套
2398,運動用品 > 戶外休閒 > 馬術 > 馬鞍和馬具 > 馬鞍配件 > 馬鞍墊
2399,運動用品 > 戶外休閒 > 馬術 > 馬鞍和馬具 > 馬鞍配件 > 座套
2400,運動用品 > 戶外休閒 > 馬術 > 馬鞍和馬具 > 馬鞍
2401,運動用品 > 戶外休閒 > 馬術 > 馬鞍和馬具 > 馬刺和馬刺帶
2402,運動用品 > 戶外休閒 > 馬術 > 馬鞍和馬具 > 馬鐙
2403,運動用品 > 戶外休閒 > 馬術 > 馬廄配件
2404,運動用品 > 戶外休閒 > 馬術 > 馬廄配件 > 馬籠頭袋
2405,運動用品 > 戶外休閒 > 馬術 > 馬廄配件 > 餵食器和給水器
2406,運動用品 > 戶外休閒 > 馬術 > 馬廄配件 > 乾草網和乾草袋
2407,運動用品 > 戶外休閒 > 馬術 > 馬廄配件 > 馬鞍架和支架
2408,運動用品 > 戶外休閒 > 馬術 > 馬廄配件 > 大頭勾、架子和箱子
2409,運動用品 > 戶外休閒 > 馬術 > 馬廄配件 > 玩具和鹽舐磚
2410,運動用品 > 戶外休閒 > 打獵和射擊 > 槍械零件和配件
2411,運動用品 > 戶外休閒 > 打獵和射擊 > 槍械零件和配件 > 槍械保養
2412,運動用品 > 戶外休閒 > 打獵和射擊 > 槍械零件和配件 > 槍械保養 > 清潔用品
2413,運動用品 > 戶外休閒 > 打獵和射擊 > 槍械零件和配件 > 槍械保養 > 修槍器材
2414,運動用品 > 戶外休閒 > 打獵和射擊 > 槍械零件和配件 > 槍械保養 > 修槍夾架
2415,運動用品 > 戶外休閒 > 打獵和射擊 > 槍械零件和配件 > 槍枝部件
2416,運動用品 > 戶外休閒 > 打獵和射擊 > 槍械零件和配件 > 槍械收納器材
2417,運動用品 > 戶外休閒 > 打獵和射擊 > 槍械零件和配件 > 槍械收納器材 > 彈藥箱
2418,運動用品 > 戶外休閒 > 打獵和射擊 > 槍械零件和配件 > 槍械收納器材 > 槍櫃和保險箱
2419,運動用品 > 戶外休閒 > 打獵和射擊 > 槍械零件和配件 > 槍械收納器材 > 槍盒
2420,運動用品 > 戶外休閒 > 打獵和射擊 > 槍械零件和配件 > 槍械收納器材 > 槍鎖
2421,運動用品 > 戶外休閒 > 打獵和射擊 > 槍械零件和配件 > 槍械收納器材 > 槍架
2422,運動用品 > 戶外休閒 > 打獵和射擊 > 槍械零件和配件 > 槍械收納器材 > 槍袋
2423,運動用品 > 戶外休閒 > 打獵和射擊 > 槍械零件和配件 > 槍套和槍袋
2424,運動用品 > 戶外休閒 > 打獵和射擊 > 槍械零件和配件 > 槍套和槍袋 > 彈藥腰帶和背帶
2425,運動用品 > 戶外休閒 > 打獵和射擊 > 槍械零件和配件 > 槍套和槍袋 > 槍套
2426,運動用品 > 戶外休閒 > 打獵和射擊 > 槍械零件和配件 > 槍套和槍袋 > 彈匣袋
2427,運動用品 > 戶外休閒 > 打獵和射擊 > 槍械零件和配件 > 槍套和槍袋 > 槍殼夾
2428,運動用品 > 戶外休閒 > 打獵和射擊 > 槍械零件和配件 > 彈藥重裝器材
2429,運動用品 > 戶外休閒 > 打獵和射擊 > 槍械零件和配件 > 彈藥重裝器材 > 火藥測量儀和秤
2430,運動用品 > 戶外休閒 > 打獵和射擊 > 槍械零件和配件 > 彈藥重裝器材 > 彈藥重裝模具
2431,運動用品 > 戶外休閒 > 打獵和射擊 > 槍械零件和配件 > 彈藥重裝器材 > 彈藥重裝模具
2432,運動用品 > 戶外休閒 > 打獵和射擊 > 槍械零件和配件 > 彈藥重裝器材 > 彈藥重裝火藥和雷管
2433,運動用品 > 戶外休閒 > 打獵和射擊 > 槍械零件和配件 > 彈藥重裝器材 > 彈藥重裝裝填機
2434,運動用品 > 戶外休閒 > 打獵和射擊 > 槍械零件和配件 > 射擊瞄準鏡
2435,運動用品 > 戶外休閒 > 打獵和射擊 > 槍械零件和配件 > 射擊瞄準鏡 > 狩獵測距儀
2436,運動用品 > 戶外休閒 > 打獵和射擊 > 槍械零件和配件 > 射擊瞄準鏡 > 槍燈
2437,運動用品 > 戶外休閒 > 打獵和射擊 > 槍械零件和配件 > 射擊瞄準鏡 > 夜視鏡和瞄準鏡
2438,運動用品 > 戶外休閒 > 打獵和射擊 > 槍械零件和配件 > 射擊瞄準鏡 > 紅點鏡和雷射定位器
2439,運動用品 > 戶外休閒 > 打獵和射擊 > 槍械零件和配件 > 射擊瞄準鏡 > 來福槍瞄準鏡
2440,運動用品 > 戶外休閒 > 打獵和射擊 > 槍械零件和配件 > 射擊瞄準鏡 > 賞鳥望遠鏡
2441,運動用品 > 戶外休閒 > 打獵和射擊 > 狩獵配件 > 動物誘捕器
2442,運動用品 > 戶外休閒 > 打獵和射擊 > 狩獵配件 > 偽裝材料
2443,運動用品 > 戶外休閒 > 打獵和射擊 > 狩獵配件 > 狩獵相機
2444,運動用品 > 戶外休閒 > 打獵和射擊 > 狩獵配件 > 獵物推車和鉤架
2445,運動用品 > 戶外休閒 > 打獵和射擊 > 狩獵配件 > 授獵助聽器
2446,運動用品 > 戶外休閒 > 打獵和射擊 > 狩獵配件 > 狩獵袋
2447,運動用品 > 戶外休閒 > 打獵和射擊 > 狩獵配件 > 狩獵偽裝帳篷和偽裝網
2448,運動用品 > 戶外休閒 > 打獵和射擊 > 狩獵配件 > 獵犬裝備
2449,運動用品 > 戶外休閒 > 打獵和射擊 > 狩獵配件 > 獵犬裝備 > 長牽繩
2450,運動用品 > 戶外休閒 > 打獵和射擊 > 狩獵配件 > 獵犬裝備 > 狗腳套和護腿
2451,運動用品 > 戶外休閒 > 打獵和射擊 > 狩獵配件 > 獵犬裝備 > 防護背心
2452,運動用品 > 戶外休閒 > 打獵和射擊 > 狩獵配件 > 獵犬裝備 > 尋回犬訓練假物
2453,運動用品 > 戶外休閒 > 打獵和射擊 > 狩獵配件 > 獵犬裝備 > 護尾
2454,運動用品 > 戶外休閒 > 打獵和射擊 > 狩獵配件 > 獵犬裝備 > 追蹤項圈
2455,運動用品 > 戶外休閒 > 打獵和射擊 > 狩獵配件 > 獵刀
2456,運動用品 > 戶外休閒 > 打獵和射擊 > 狩獵配件 > 步道記號和獵物探測器
2457,運動用品 > 戶外休閒 > 打獵和射擊 > 狩獵配件 > 狩獵用樹椅
2458,運動用品 > 戶外休閒 > 打獵和射擊 > 狩獵配件 > 野生動物引誘劑 > 氣味消除劑和引誘劑
2459,運動用品 > 戶外休閒 > 水上運動和划船 > 划船、泛舟和划槳
2460,運動用品 > 戶外休閒 > 水上運動和划船 > 划船、泛舟和划槳 > 船隻收納架
2461,運動用品 > 戶外休閒 > 水上運動和划船 > 划船、泛舟和划槳 > 獨木舟
2462,運動用品 > 戶外休閒 > 水上運動和划船 > 划船、泛舟和划槳 > 皮筏艇
2463,運動用品 > 戶外休閒 > 水上運動和划船 > 划船、泛舟和划槳 > 槳板
2464,運動用品 > 戶外休閒 > 水上運動和划船 > 划船、泛舟和划槳 > 槳和櫓
2465,運動用品 > 戶外休閒 > 水上運動和划船 > 划船、泛舟和划槳 > 腳踏船
2466,運動用品 > 戶外休閒 > 水上運動和划船 > 划船、泛舟和划槳 > 浮筒船
2467,運動用品 > 戶外休閒 > 水上運動和划船 > 划船、泛舟和划槳 > 筏
2468,運動用品 > 戶外休閒 > 水上運動和划船 > 划船、泛舟和划槳 > 划槳船
2469,運動用品 > 戶外休閒 > 水上運動和划船 > 划船、泛舟和划槳 > 航海手套
2470,運動用品 > 戶外休閒 > 水上運動和划船 > 風箏衝浪
2471,運動用品 > 戶外休閒 > 水上運動和划船 > 風箏衝浪 > 風箏衝浪板收納袋
2472,運動用品 > 戶外休閒 > 水上運動和划船 > 風箏衝浪 > 風箏衝浪板
2473,運動用品 > 戶外休閒 > 水上運動和划船 > 風箏衝浪 > 風箏衝浪掛勾衣
2474,運動用品 > 戶外休閒 > 水上運動和划船 > 風箏衝浪 > 風箏衝浪用風箏
2475,運動用品 > 戶外休閒 > 水上運動和划船 > 水肺潛水和浮潛
2476,運動用品 > 戶外休閒 > 水上運動和划船 > 水肺潛水和浮潛 > 浮力調節裝置
2477,運動用品 > 戶外休閒 > 水上運動和划船 > 水肺潛水和浮潛 > 潛水電腦錶
2478,運動用品 > 戶外休閒 > 水上運動和划船 > 水肺潛水和浮潛 > 潛水和浮潛器材組
2479,運動用品 > 戶外休閒 > 水上運動和划船 > 水肺潛水和浮潛 > 潛水和浮潛蛙鞋
2480,運動用品 > 戶外休閒 > 水上運動和划船 > 水肺潛水和浮潛 > 潛水和浮潛面罩
2481,運動用品 > 戶外休閒 > 水上運動和划船 > 水肺潛水和浮潛 > 潛水腰帶
2482,運動用品 > 戶外休閒 > 水上運動和划船 > 水肺潛水和浮潛 > 潛水旗
2483,運動用品 > 戶外休閒 > 水上運動和划船 > 水肺潛水和浮潛 > 潛水儀表和指南針
2484,運動用品 > 戶外休閒 > 水上運動和划船 > 水肺潛水和浮潛 > 潛水刀和潛水剪
2485,運動用品 > 戶外休閒 > 水上運動和划船 > 水肺潛水和浮潛 > 潛水手電筒
2486,運動用品 > 戶外休閒 > 水上運動和划船 > 水肺潛水和浮潛 > 潛水用呼吸調節器
2487,運動用品 > 戶外休閒 > 水上運動和划船 > 水肺潛水和浮潛 > 水上摩托車
2488,運動用品 > 戶外休閒 > 水上運動和划船 > 水肺潛水和浮潛 > 浮潛
2489,運動用品 > 戶外休閒 > 水上運動和划船 > 衝浪
2490,運動用品 > 戶外休閒 > 水上運動和划船 > 衝浪 > 趴板
2491,運動用品 > 戶外休閒 > 水上運動和划船 > 衝浪 > 沙板
2492,運動用品 > 戶外休閒 > 水上運動和划船 > 衝浪 > 衝浪板
2493,運動用品 > 戶外休閒 > 水上運動和划船 > 衝浪 > 衝浪配件
2494,運動用品 > 戶外休閒 > 水上運動和划船 > 衝浪 > 衝浪配件 > 衝浪腳繩
2495,運動用品 > 戶外休閒 > 水上運動和划船 > 衝浪 > 衝浪配件 > 衝浪板車和收納架
2496,運動用品 > 戶外休閒 > 水上運動和划船 > 衝浪 > 衝浪配件 > 衝浪板箱
2497,運動用品 > 戶外休閒 > 水上運動和划船 > 衝浪 > 衝浪配件 > 衝浪板鰭片
2498,運動用品 > 戶外休閒 > 水上運動和划船 > 衝浪 > 衝浪配件 > 衝浪板專用蠟
2499,運動用品 > 戶外休閒 > 水上運動和划船 > 衝浪 > 衝浪配件 > 潛水手套
2500,運動用品 > 戶外休閒 > 水上運動和划船 > 衝浪 > 衝浪配件 > 衝浪踏墊
2501,運動用品 > 戶外休閒 > 水上運動和划船 > 游泳
2502,運動用品 > 戶外休閒 > 水上運動和划船 > 游泳 > 手蹼
2503,運動用品 > 戶外休閒 > 水上運動和划船 > 游泳 > 浮板
2504,運動用品 > 戶外休閒 > 水上運動和划船 > 游泳 > 夾腳浮板
2505,運動用品 > 戶外休閒 > 水上運動和划船 > 游泳 > 浮腰
2506,運動用品 > 戶外休閒 > 水上運動和划船 > 游泳 > 游泳手套
2507,運動用品 > 戶外休閒 > 水上運動和划船 > 游泳 > 游泳用鼻夾
2508,運動用品 > 戶外休閒 > 水上運動和划船 > 游泳 > 游泳負重沙包
2509,運動用品 > 戶外休閒 > 水上運動和划船 > 游泳 > 游泳輔具
2510,運動用品 > 戶外休閒 > 水上運動和划船 > 游泳 > 游泳蛙鞋
2511,運動用品 > 戶外休閒 > 水上運動和划船 > 游泳 > 游泳機
2512,運動用品 > 戶外休閒 > 水上運動和划船 > 寬板滑水和滑水
2513,運動用品 > 戶外休閒 > 水上運動和划船 > 寬板滑水和滑水 > 跪式滑水板
2514,運動用品 > 戶外休閒 > 水上運動和划船 > 寬板滑水和滑水 > 耐磨划艇和橡皮艇
2515,運動用品 > 戶外休閒 > 水上運動和划船 > 寬板滑水和滑水 > 寬板滑水和水橇配件
2516,運動用品 > 戶外休閒 > 水上運動和划船 > 寬板滑水和滑水 > 寬板滑水和水橇配件 > 坐式水翼板
2517,運動用品 > 戶外休閒 > 水上運動和划船 > 寬板滑水和滑水 > 寬板滑水和水橇配件 > 拖纜
2518,運動用品 > 戶外休閒 > 水上運動和划船 > 寬板滑水和滑水 > 寬板滑水和水橇配件 > 滑水寬板和水橇鞋套
2519,運動用品 > 戶外休閒 > 水上運動和划船 > 寬板滑水和滑水 > 寬板滑水和水橇配件 > 滑水寬板和水橇箱
2520,運動用品 > 戶外休閒 > 水上運動和划船 > 寬板滑水和滑水 > 寬板滑水
2521,運動用品 > 戶外休閒 > 水上運動和划船 > 寬板滑水和滑水 > 滑水
2522,運動用品 > 戶外休閒 > 水上運動和划船 > 水球
2523,運動用品 > 戶外休閒 > 水上運動和划船 > 水球 > 帽子和護頭
2524,運動用品 > 戶外休閒 > 水上運動和划船 > 水球 > 訓練器材
2525,運動用品 > 戶外休閒 > 水上運動和划船 > 水球 > 水球
2526,運動用品 > 戶外休閒 > 水上運動和划船 > 水球 > 水球球門
2527,運動用品 > 戶外休閒 > 水上運動和划船 > 水上運動服裝和配件
2528,運動用品 > 戶外休閒 > 水上運動和划船 > 水上運動服裝和配件 > 乾式潛水衣
2529,運動用品 > 戶外休閒 > 水上運動和划船 > 水上運動服裝和配件 > 安全帽
2530,運動用品 > 戶外休閒 > 水上運動和划船 > 水上運動服裝和配件 > 救生衣
2531,運動用品 > 戶外休閒 > 水上運動和划船 > 水上運動服裝和配件 > 防曬衣
2532,運動用品 > 戶外休閒 > 水上運動和划船 > 水上運動服裝和配件 > 泳帽
2533,運動用品 > 戶外休閒 > 水上運動和划船 > 水上運動服裝和配件 > 泳鏡
2534,運動用品 > 戶外休閒 > 水上運動和划船 > 水上運動服裝和配件 > 涉水鞋
2535,運動用品 > 戶外休閒 > 水上運動和划船 > 水上運動服裝和配件 > 潛水衣
2536,運動用品 > 戶外休閒 > 水上運動和划船 > 風帆衝浪
2537,運動用品 > 戶外休閒 > 水上運動和划船 > 風帆衝浪 > 風帆衝浪板
2538,運動用品 > 戶外休閒 > 水上運動和划船 > 風帆衝浪 > 風浪板尾舵
2539,運動用品 > 戶外休閒 > 水上運動和划船 > 風帆衝浪 > 風浪板桅桿
2540,運動用品 > 戶外休閒 > 水上運動和划船 > 風帆衝浪 > 風浪板帆
2541,運動用品 > 戶外休閒 > 冬季運動 > 雙板滑雪和單板滑雪
2542,運動用品 > 戶外休閒 > 冬季運動 > 雙板滑雪和單板滑雪 > 滑雪屐和滑雪板配件
2543,運動用品 > 戶外休閒 > 冬季運動 > 雙板滑雪和單板滑雪 > 滑雪屐和滑雪板配件 > 滑雪屐和滑雪板收納架
2544,運動用品 > 戶外休閒 > 冬季運動 > 雙板滑雪和單板滑雪 > 滑雪屐和滑雪板配件 > 滑雪屐和滑雪板調整用品
2545,運動用品 > 戶外休閒 > 冬季運動 > 雙板滑雪和單板滑雪 > 滑雪屐和滑雪板配件 > 滑雪板蠟
2546,運動用品 > 戶外休閒 > 冬季運動 > 雙板滑雪和單板滑雪 > 滑雪
2547,運動用品 > 戶外休閒 > 冬季運動 > 雙板滑雪和單板滑雪 > 滑雪 > 滑雪固定器
2548,運動用品 > 戶外休閒 > 冬季運動 > 雙板滑雪和單板滑雪 > 滑雪 > 滑雪靴
2549,運動用品 > 戶外休閒 > 冬季運動 > 雙板滑雪和單板滑雪 > 滑雪 > 滑雪杖
2550,運動用品 > 戶外休閒 > 冬季運動 > 雙板滑雪和單板滑雪 > 滑雪 > 滑雪屐
2551,運動用品 > 戶外休閒 > 冬季運動 > 雙板滑雪和單板滑雪 > 單板滑雪
2552,運動用品 > 戶外休閒 > 冬季運動 > 雙板滑雪和單板滑雪 > 單板滑雪 > 單板滑雪用固定器
2553,運動用品 > 戶外休閒 > 冬季運動 > 雙板滑雪和單板滑雪 > 單板滑雪 > 雪板靴
2554,運動用品 > 戶外休閒 > 冬季運動 > 雙板滑雪和單板滑雪 > 單板滑雪 > 滑雪板
2555,運動用品 > 戶外休閒 > 冬季運動 > 雪橇和雪胎
2556,運動用品 > 戶外休閒 > 冬季運動 > 雪球製造機
2557,運動用品 > 戶外休閒 > 冬季運動 > 雪鞋
2558,運動用品 > 戶外休閒 > 冬季運動 > 冬裝
2559,運動用品 > 戶外休閒 > 冬季運動 > 冬裝 > 護目鏡和面罩
2560,運動用品 > 戶外休閒 > 冬季運動 > 冬裝 > 雨衣
2561,運動用品 > 戶外休閒 > 冬季運動 > 冬裝 > 雪地裝
2562,運動用品 > 戶外休閒 > 露營與健行 > 露營烹飪用品
2563,運動用品 > 戶外休閒 > 露營與健行 > 露營烹飪用品 > 露營炊具
2564,運動用品 > 戶外休閒 > 露營與健行 > 露營烹飪用品 > 露營用保冷箱
2565,運動用品 > 戶外休閒 > 露營與健行 > 露營烹飪用品 > 野炊食物
2566,運動用品 > 戶外休閒 > 露營與健行 > 露營烹飪用品 > 露營用烤爐
2567,運動用品 > 戶外休閒 > 露營與健行 > 露營烹飪用品 > 露營用煮水壺和咖啡壺
2568,運動用品 > 戶外休閒 > 露營與健行 > 露營烹飪用品 > 野炊爐具
2569,運動用品 > 戶外休閒 > 露營與健行 > 露營烹飪用品 > 露營爐具和點火器
2570,運動用品 > 戶外休閒 > 露營與健行 > 露營烹飪用品 > 露營桌具和餐具
2571,運動用品 > 戶外休閒 > 露營與健行 > 露營烹飪用品 > 烹飪器具
2572,運動用品 > 戶外休閒 > 露營與健行 > 露營烹飪用品 > 水桶
2573,運動用品 > 戶外休閒 > 露營與健行 > 露營裝備
2574,運動用品 > 戶外休閒 > 露營與健行 > 露營裝備 > 露營椅
2575,運動用品 > 戶外休閒 > 露營與健行 > 露營裝備 > 露營發電機
2576,運動用品 > 戶外休閒 > 露營與健行 > 露營裝備 > 露營用暖爐
2577,運動用品 > 戶外休閒 > 露營與健行 > 露營裝備 > 羅盤
2578,運動用品 > 戶外休閒 > 露營與健行 > 露營裝備 > 點火器
2579,運動用品 > 戶外休閒 > 露營與健行 > 露營裝備 > 綁腿
2580,運動用品 > 戶外休閒 > 露營與健行 > 露營裝備 > 握式暖暖包
2581,運動用品 > 戶外休閒 > 露營與健行 > 露營裝備 > 驅蟲劑
2582,運動用品 > 戶外休閒 > 露營與健行 > 露營裝備 > 蚊帳和防蚊門窗
2583,運動用品 > 戶外休閒 > 露營與健行 > 露營裝備 > 傘繩
2584,運動用品 > 戶外休閒 > 露營與健行 > 露營裝備 > 求生和防身哨
2585,運動用品 > 戶外休閒 > 露營與健行 > 露營裝備 > 濾水器和淨水器
2586,運動用品 > 戶外休閒 > 露營與健行 > 露營燈和營燈
2587,運動用品 > 戶外休閒 > 露營與健行 > 露營燈和營燈 > 手電筒
2588,運動用品 > 戶外休閒 > 露營與健行 > 露營燈和營燈 > 頭燈
2589,運動用品 > 戶外休閒 > 露營與健行 > 露營燈和營燈 > 露營燈
2590,運動用品 > 戶外休閒 > 露營與健行 > 露營工具
2591,運動用品 > 戶外休閒 > 露營與健行 > 露營工具 > 露營斧頭和手斧
2592,運動用品 > 戶外休閒 > 露營與健行 > 露營工具 > 露營鏟
2593,運動用品 > 戶外休閒 > 露營與健行 > 露營工具 > 瑞士刀
2594,運動用品 > 戶外休閒 > 露營與健行 > 露營工具 > 求生刀
2595,運動用品 > 戶外休閒 > 露營與健行 > 健行背包
2596,運動用品 > 戶外休閒 > 露營與健行 > 健行背包 > 登山背包
2597,運動用品 > 戶外休閒 > 露營與健行 > 健行背包 > 輕量背包
2598,運動用品 > 戶外休閒 > 露營與健行 > 健行背包 > 防水袋和防水盒
2599,運動用品 > 戶外休閒 > 露營與健行 > 健行背包 > 水袋
2600,運動用品 > 戶外休閒 > 露營與健行 > 戶外睡袋
2601,運動用品 > 戶外休閒 > 露營與健行 > 戶外睡袋 > 壓縮袋
2602,運動用品 > 戶外休閒 > 露營與健行 > 戶外睡袋 > 行軍床
2603,運動用品 > 戶外休閒 > 露營與健行 > 戶外睡袋 > 吊床
2604,運動用品 > 戶外休閒 > 露營與健行 > 戶外睡袋 > 睡袋內襯
2605,運動用品 > 戶外休閒 > 露營與健行 > 戶外睡袋 > 睡袋
2606,運動用品 > 戶外休閒 > 露營與健行 > 戶外睡袋 > 睡墊和充氣床
2607,運動用品 > 戶外休閒 > 露營與健行 > 攜帶式馬桶和淋浴器
2608,運動用品 > 戶外休閒 > 露營與健行 > 攜帶式馬桶和淋浴器 > 攜帶式淋浴器和隱密遮罩
2609,運動用品 > 戶外休閒 > 露營與健行 > 攜帶式馬桶和淋浴器 > 攜帶式馬桶
2610,運動用品 > 戶外休閒 > 露營與健行 > 攜帶式馬桶和淋浴器 > 行動小便器
2611,運動用品 > 戶外休閒 > 露營與健行 > 帳篷配件
2612,運動用品 > 戶外休閒 > 露營與健行 > 帳篷配件 > 內帳
2613,運動用品 > 戶外休閒 > 露營與健行 > 帳篷配件 > 帳篷地布
2614,運動用品 > 戶外休閒 > 露營與健行 > 帳篷配件 > 帳篷營柱和營釘
2615,運動用品 > 戶外休閒 > 露營與健行 > 帳篷配件 > 帳篷前庭
2616,運動用品 > 戶外休閒 > 露營與健行 > 帳篷配件 > 擋風板
2617,運動用品 > 戶外休閒 > 露營與健行 > 帳篷和露營天幕
2618,運動用品 > 戶外休閒 > 露營與健行 > 登山杖
2619,運動用品 > 戶外休閒 > 攀岩 > 攀冰
2620,運動用品 > 戶外休閒 > 攀岩 > 攀冰 > 冰爪
2621,運動用品 > 戶外休閒 > 攀岩 > 攀冰 > 冰錐
2622,運動用品 > 戶外休閒 > 自行車用品 > 自行車配件
2623,運動用品 > 戶外休閒 > 自行車用品 > 自行車配件 > 自行車側袋和馬鞍包
2624,運動用品 > 戶外休閒 > 自行車用品 > 自行車配件 > 自行車置物籃
2625,運動用品 > 戶外休閒 > 自行車用品 > 自行車配件 > 自行車車鈴和喇叭
2626,運動用品 > 戶外休閒 > 自行車用品 > 自行車配件 > 自行車水壺架
2627,運動用品 > 戶外休閒 > 自行車用品 > 自行車配件 > 自行車兒童座椅
2628,運動用品 > 戶外休閒 > 自行車用品 > 自行車配件 > 自行車碼表
2629,運動用品 > 戶外休閒 > 自行車用品 > 自行車配件 > 自行車罩
2630,運動用品 > 戶外休閒 > 自行車用品 > 自行車配件 > 自行車擋泥板
2631,運動用品 > 戶外休閒 > 自行車用品 > 自行車配件 > 自行車前後貨架
2632,運動用品 > 戶外休閒 > 自行車用品 > 自行車配件 > 自行車燈和反光片
2633,運動用品 > 戶外休閒 > 自行車用品 > 自行車配件 > 自行車鎖
2634,運動用品 > 戶外休閒 > 自行車用品 > 自行車配件 > 自行車後照鏡
2635,運動用品 > 戶外休閒 > 自行車用品 > 自行車配件 > 自行車打氣筒
2636,運動用品 > 戶外休閒 > 自行車用品 > 自行車配件 > 自行車座墊和座墊套
2637,運動用品 > 戶外休閒 > 自行車用品 > 自行車配件 > 自行車輻條彩珠
2638,運動用品 > 戶外休閒 > 自行車用品 > 自行車配件 > 自行車立車架／駐車架
2639,運動用品 > 戶外休閒 > 自行車用品 > 自行車配件 > 自行車車輪維修用品和工具組
2640,運動用品 > 戶外休閒 > 自行車用品 > 自行車配件 > 自行車趾夾帶和趾夾
2641,運動用品 > 戶外休閒 > 自行車用品 > 自行車配件 > 自行車工具
2642,運動用品 > 戶外休閒 > 自行車用品 > 自行車配件 > 自行車拖車
2643,運動用品 > 戶外休閒 > 自行車用品 > 自行車配件 > 自行車訓練台
2644,運動用品 > 戶外休閒 > 自行車用品 > 自行車配件 > 自行車輔助輪
2645,運動用品 > 戶外休閒 > 自行車用品 > 自行車配件 > 自行車攜車袋和攜車箱
2646,運動用品 > 戶外休閒 > 自行車用品 > 自行車配件 > 自行車水壺架
2647,運動用品 > 戶外休閒 > 自行車用品 > 自行車配件 > 自行車水上活動板架
2648,運動用品 > 戶外休閒 > 自行車用品 > 自行車配件 > 電動自行車改裝套件
2649,運動用品 > 戶外休閒 > 自行車用品 > 自行車零組件
2650,運動用品 > 戶外休閒 > 自行車用品 > 自行車零組件 > 自行車煞車零件
2651,運動用品 > 戶外休閒 > 自行車用品 > 自行車零組件 > 自行車煞車零件 > 自行車煞車卡鉗
2652,運動用品 > 戶外休閒 > 自行車用品 > 自行車零組件 > 自行車煞車零件 > 自行車煞車把手
2653,運動用品 > 戶外休閒 > 自行車用品 > 自行車零組件 > 自行車煞車零件 > 自行車煞車盤
2654,運動用品 > 戶外休閒 > 自行車用品 > 自行車零組件 > 自行車煞車零件 > 自行車煞車
2655,運動用品 > 戶外休閒 > 自行車用品 > 自行車零組件 > 自行車線和線管
2656,運動用品 > 戶外休閒 > 自行車用品 > 自行車零組件 > 自行車傳動系統零件
2657,運動用品 > 戶外休閒 > 自行車用品 > 自行車零組件 > 自行車傳動系統零件 > 自行車中軸
2658,運動用品 > 戶外休閒 > 自行車用品 > 自行車零組件 > 自行車傳動系統零件 > 自行車卡式和鎖牙式後飛輪
2659,運動用品 > 戶外休閒 > 自行車用品 > 自行車零組件 > 自行車傳動系統零件 > 自行車鏈條蓋
2660,運動用品 > 戶外休閒 > 自行車用品 > 自行車零組件 > 自行車傳動系統零件 > 自行車齒盤
2661,運動用品 > 戶外休閒 > 自行車用品 > 自行車零組件 > 自行車傳動系統零件 > 自行車鏈條
2662,運動用品 > 戶外休閒 > 自行車用品 > 自行車零組件 > 自行車傳動系統零件 > 自行車曲柄
2663,運動用品 > 戶外休閒 > 自行車用品 > 自行車零組件 > 自行車傳動系統零件 > 自行車變速器
2664,運動用品 > 戶外休閒 > 自行車用品 > 自行車零組件 > 自行車傳動系統零件 > 自行車驅動系統套件
2665,運動用品 > 戶外休閒 > 自行車用品 > 自行車零組件 > 自行車傳動系統零件 > 自行車踏板
2666,運動用品 > 戶外休閒 > 自行車用品 > 自行車零組件 > 自行車傳動系統零件 > 自行車變速撥把
2667,運動用品 > 戶外休閒 > 自行車用品 > 自行車零組件 > 自行車車架
2668,運動用品 > 戶外休閒 > 自行車用品 > 自行車零組件 > 自行車手把和配件
2669,運動用品 > 戶外休閒 > 自行車用品 > 自行車零組件 > 自行車手把和配件 > 自行車手把配件
2670,運動用品 > 戶外休閒 > 自行車用品 > 自行車零組件 > 自行車手把和配件 > 自行車握把和握把套
2671,運動用品 > 戶外休閒 > 自行車用品 > 自行車零組件 > 自行車手把和配件 > 自行車把手
2672,運動用品 > 戶外休閒 > 自行車用品 > 自行車零組件 > 自行車頭碗和頭碗零件
2673,運動用品 > 戶外休閒 > 自行車用品 > 自行車零組件 > 自行車頭碗和頭碗零件 > 自行車頭碗軸承
2674,運動用品 > 戶外休閒 > 自行車用品 > 自行車零組件 > 自行車頭碗和頭碗零件 > 自行車頭碗墊片
2675,運動用品 > 戶外休閒 > 自行車用品 > 自行車零組件 > 自行車頭碗和頭碗零件 > 自行車頭碗
2676,運動用品 > 戶外休閒 > 自行車用品 > 自行車零組件 > 自行車腳架
2677,運動用品 > 戶外休閒 > 自行車用品 > 自行車零組件 > 自行車座墊和座管
2678,運動用品 > 戶外休閒 > 自行車用品 > 自行車零組件 > 自行車座墊和座管 > 自行車座墊
2679,運動用品 > 戶外休閒 > 自行車用品 > 自行車零組件 > 自行車座墊和座管 > 自行車座管夾
2680,運動用品 > 戶外休閒 > 自行車用品 > 自行車零組件 > 自行車座墊和座管 > 自行車座管
2681,運動用品 > 戶外休閒 > 自行車用品 > 自行車零組件 > 自行車豎管
2682,運動用品 > 戶外休閒 > 自行車用品 > 自行車零組件 > 自行車避震零件
2683,運動用品 > 戶外休閒 > 自行車用品 > 自行車零組件 > 自行車避震零件 > 自行車前叉
2684,運動用品 > 戶外休閒 > 自行車用品 > 自行車零組件 > 自行車避震零件 > 自行車避震器打氣筒
2685,運動用品 > 戶外休閒 > 自行車用品 > 自行車零組件 > 自行車避震零件 > 自行車避震器
2686,運動用品 > 戶外休閒 > 自行車用品 > 自行車零組件 > 自行車輪胎和輪胎零件
2687,運動用品 > 戶外休閒 > 自行車用品 > 自行車零組件 > 自行車輪胎和輪胎零件 > 自行車氣嘴轉接頭
2688,運動用品 > 戶外休閒 > 自行車用品 > 自行車零組件 > 自行車輪胎和輪胎零件 > 自行車輪胎氣嘴蓋
2689,運動用品 > 戶外休閒 > 自行車用品 > 自行車零組件 > 自行車輪胎和輪胎零件 > 自行車氣嘴
2690,運動用品 > 戶外休閒 > 自行車用品 > 自行車零組件 > 自行車輪胎和輪胎零件 > 自行車輪胎
2691,運動用品 > 戶外休閒 > 自行車用品 > 自行車零組件 > 自行車輪胎和輪胎零件 > 自行車內胎
2692,運動用品 > 戶外休閒 > 自行車用品 > 自行車零組件 > 自行車輪和車輪零組件
2693,運動用品 > 戶外休閒 > 自行車用品 > 自行車零組件 > 自行車輪和車輪零組件 > 自行車腳踏桿
2694,運動用品 > 戶外休閒 > 自行車用品 > 自行車零組件 > 自行車輪和車輪零組件 > 自行車輪轂
2695,運動用品 > 戶外休閒 > 自行車用品 > 自行車零組件 > 自行車輪和車輪零組件 > 自行車輪圈襯帶
2696,運動用品 > 戶外休閒 > 自行車用品 > 自行車零組件 > 自行車輪和車輪零組件 > 自行車輪輻
2697,運動用品 > 戶外休閒 > 自行車用品 > 自行車零組件 > 自行車輪和車輪零組件 > 自行車輪軸和快拆軸心
2698,運動用品 > 戶外休閒 > 自行車用品 > 自行車零組件 > 自行車輪和車輪零組件 > 自行車輪組輻條頭
2699,運動用品 > 戶外休閒 > 自行車用品 > 自行車零組件 > 自行車輪和車輪零組件 > 自行車輪輪圈
2700,運動用品 > 戶外休閒 > 自行車用品 > 自行車零組件 > 自行車輪和車輪零組件 > 自行車輪組
2701,運動用品 > 戶外休閒 > 自行車用品 > 腳踏車
2702,運動用品 > 戶外休閒 > 自行車用品 > 單車衣
2703,運動用品 > 戶外休閒 > 自行車用品 > 單車衣 > 自行車褲
2704,運動用品 > 戶外休閒 > 自行車用品 > 單車衣 > 單車服
2705,運動用品 > 戶外休閒 > 自行車用品 > 單車衣 > 單車褲和專用內褲
2706,運動用品 > 戶外休閒 > 自行車用品 > 單車衣 > 自行車連體服
2707,運動用品 > 戶外休閒 > 自行車用品 > 單車衣 > 自行車緊身褲
2708,運動用品 > 戶外休閒 > 自行車用品 > 自行車鞋和防護裝備
2709,運動用品 > 戶外休閒 > 自行車用品 > 自行車鞋和防護裝備 > 自行車卡鞋扣片配件
2710,運動用品 > 戶外休閒 > 自行車用品 > 自行車鞋和防護裝備 > 自行車卡鞋扣片配件 > 自行車扣片螺栓
2711,運動用品 > 戶外休閒 > 自行車用品 > 自行車鞋和防護裝備 > 自行車卡鞋扣片配件 > 自行車卡鞋扣片護套
2712,運動用品 > 戶外休閒 > 自行車用品 > 自行車鞋和防護裝備 > 自行車卡鞋扣片配件 > 自行車踏板扣片墊片和卡踏內外調解片
2713,運動用品 > 戶外休閒 > 自行車用品 > 自行車鞋和防護裝備 > 腳踏車扣片
2714,運動用品 > 戶外休閒 > 自行車用品 > 自行車鞋和防護裝備 > 自行車手套
2715,運動用品 > 戶外休閒 > 自行車用品 > 自行車鞋和防護裝備 > 自行車安全帽
2716,運動用品 > 戶外休閒 > 自行車用品 > 自行車鞋和防護裝備 > 自行車護具
2717,運動用品 > 戶外休閒 > 自行車用品 > 自行車鞋和防護裝備 > 自行車鞋鞋套
2718,運動用品 > 戶外休閒 > 自行車用品 > 三輪車
2719,運動用品 > 戶外休閒 > 自行車用品 > 獨輪車
2720,運動用品 > 戶外休閒 > 釣魚 > 魚餌
2721,運動用品 > 戶外休閒 > 釣魚 > 魚餌 > 引誘劑
2722,運動用品 > 戶外休閒 > 釣魚 > 魚餌 > 餌食和誘具
2723,運動用品 > 戶外休閒 > 釣魚 > 魚餌 > 飛蠅鉤
2724,運動用品 > 戶外休閒 > 釣魚 > 魚餌 > 硬餌
2725,運動用品 > 戶外休閒 > 釣魚 > 魚餌 > 夾具和裝具
2726,運動用品 > 戶外休閒 > 釣魚 > 魚餌 > 活餌
2727,運動用品 > 戶外休閒 > 釣魚 > 魚餌 > 軟餌
2728,運動用品 > 戶外休閒 > 釣魚 > 魚餌 > 旋轉餌
2729,運動用品 > 戶外休閒 > 釣魚 > 釣魚裝備
2730,運動用品 > 戶外休閒 > 釣魚 > 釣魚裝備 > 魚餌和片魚刀
2731,運動用品 > 戶外休閒 > 釣魚 > 釣魚裝備 > 餌桶
2732,運動用品 > 戶外休閒 > 釣魚 > 釣魚裝備 > 上鉤警報器
2733,運動用品 > 戶外休閒 > 釣魚 > 釣魚裝備 > 魚探機
2734,運動用品 > 戶外休閒 > 釣魚 > 釣魚裝備 > 捕魚網
2735,運動用品 > 戶外休閒 > 釣魚 > 釣魚裝備 > 魚鱗刮除器和去魚皮機
2736,運動用品 > 戶外休閒 > 釣魚 > 釣魚裝備 > 魚矛和魚叉
2737,運動用品 > 戶外休閒 > 釣魚 > 釣魚裝備 > 捕魚陷阱
2738,運動用品 > 戶外休閒 > 釣魚 > 釣魚裝備 > 飛蠅餌綁材
2739,運動用品 > 戶外休閒 > 釣魚 > 釣魚裝備 > 鉗子和取鉤器
2740,運動用品 > 戶外休閒 > 釣魚 > 釣竿和捲線器配件
2741,運動用品 > 戶外休閒 > 釣魚 > 釣竿和捲線器配件 > 釣線包和釣線箱
2742,運動用品 > 戶外休閒 > 釣魚 > 釣竿和捲線器配件 > 釣魚捲線器潤滑劑
2743,運動用品 > 戶外休閒 > 釣魚 > 釣竿和捲線器配件 > 釣魚捲線器
2744,運動用品 > 戶外休閒 > 釣魚 > 釣竿和捲線器配件 > 釣竿包和釣竿箱
2745,運動用品 > 戶外休閒 > 釣魚 > 釣竿和捲線器配件 > 釣竿架竿器和釣竿支架
2746,運動用品 > 戶外休閒 > 釣魚 > 釣竿和捲線器
2747,運動用品 > 戶外休閒 > 釣魚 > 釣竿和捲線器 > 釣魚捲線器
2748,運動用品 > 戶外休閒 > 釣魚 > 釣竿和捲線器 > 釣竿和捲線器組合
2749,運動用品 > 戶外休閒 > 釣魚 > 釣竿和捲線器 > 釣竿
2750,運動用品 > 戶外休閒 > 釣魚 > 釣具
2751,運動用品 > 戶外休閒 > 釣魚 > 釣具 > 釣魚浮標
2752,運動用品 > 戶外休閒 > 釣魚 > 釣具 > 魚鉤
2753,運動用品 > 戶外休閒 > 釣魚 > 釣具 > 釣魚線和前導線
2754,運動用品 > 戶外休閒 > 釣魚 > 釣具 > 釣魚咬鉛
2755,運動用品 > 戶外休閒 > 釣魚 > 釣具 > 釣魚別針和轉環
2756,運動用品 > 戶外休閒 > 釣魚 > 防水捕魚褲
2757,運動用品 > 戶外休閒 > 釣魚 > 釣魚包和釣魚箱
2758,運動用品 > 戶外休閒 > 直排輪和滑輪溜冰 > 直排輪
2759,運動用品 > 戶外休閒 > 直排輪和滑輪溜冰 > 防護裝置
2760,運動用品 > 戶外休閒 > 直排輪和滑輪溜冰 > 防護裝置 > 安全帽
2761,運動用品 > 戶外休閒 > 直排輪和滑輪溜冰 > 防護裝置 > 護膝和護肘
2762,運動用品 > 戶外休閒 > 直排輪和滑輪溜冰 > 防護裝置 > 防護裝置組合
2763,運動用品 > 戶外休閒 > 直排輪和滑輪溜冰 > 防護裝置 > 護腕
2764,運動用品 > 戶外休閒 > 直排輪和滑輪溜冰 > 輪式溜冰鞋
2765,運動用品 > 戶外休閒 > 直排輪和滑輪溜冰 > 越野滑輪
2766,運動用品 > 戶外休閒 > 直排輪和滑輪溜冰 > 滾輪溜冰鞋的輪子
2767,運動用品 > 戶外休閒 > 戶外遊戲 > 甲板沙壺球
2768,運動用品 > 戶外休閒 > 戶外遊戲 > 甲板沙壺球 > 甲板沙壺球場
2769,運動用品 > 戶外休閒 > 戶外遊戲 > 甲板沙壺球 > 甲板沙壺球桿
2770,運動用品 > 戶外休閒 > 戶外遊戲 > 甲板沙壺球 > 甲板沙壺球砝碼
2771,運動用品 > 戶外休閒 > 戶外遊戲 > 飛盤高爾夫
2772,運動用品 > 戶外休閒 > 戶外遊戲 > 飛盤高爾夫 > 飛盤高爾夫球袋
2773,運動用品 > 戶外休閒 > 戶外遊戲 > 飛盤高爾夫 > 飛盤高爾夫飛盤
2774,運動用品 > 戶外休閒 > 戶外遊戲 > 飛盤高爾夫 > 飛盤高爾夫套組
2775,運動用品 > 戶外休閒 > 戶外遊戲 > 飛盤高爾夫 > 飛盤高爾夫目標籃
2776,運動用品 > 戶外休閒 > 戶外遊戲 > 草地遊戲
2777,運動用品 > 戶外休閒 > 戶外遊戲 > 草地遊戲 > 滾球
2778,運動用品 > 戶外休閒 > 戶外遊戲 > 草地遊戲 > 沙包洞
2779,運動用品 > 戶外休閒 > 戶外遊戲 > 草地遊戲 > 槌球
2780,運動用品 > 戶外休閒 > 戶外遊戲 > 草地遊戲 > 馬蹄鐵
2781,運動用品 > 戶外休閒 > 戶外遊戲 > 梨球
2782,運動用品 > 戶外休閒 > 戶外遊戲 > 梨球 > 梨球杆
2783,運動用品 > 戶外休閒 > 戶外遊戲 > 梨球 > 梨球組
2784,運動用品 > 戶外休閒 > 戶外遊戲 > 梨球 > 梨球
2785,運動用品 > 戶外休閒 > 滑板 > 滑板零件
2786,運動用品 > 戶外休閒 > 滑板 > 滑板零件 > 滑板培林
2787,運動用品 > 戶外休閒 > 滑板 > 滑板零件 > 滑板板身
2788,運動用品 > 戶外休閒 > 滑板 > 滑板零件 > 滑板輪架
2789,運動用品 > 戶外休閒 > 滑板 > 滑板零件 > 滑板輪
2790,運動用品 > 戶外休閒 > 滑板 > 滑板護具
2791,運動用品 > 戶外休閒 > 滑板 > 滑板護具 > 滑板專用手套
2792,運動用品 > 戶外休閒 > 滑板 > 滑板護具 > 滑板專用頭盔
2793,運動用品 > 戶外休閒 > 滑板 > 滑板護具 > 滑雪板護膝和護肘
2794,運動用品 > 戶外休閒 > 滑板 > 滑板坡道和欄杆
2795,運動用品 > 戶外休閒 > 滑板 > 滑板和長板
2796,運動用品 > 戶外休閒 > 冬季運動 > 雪崩安全
2797,運動用品 > 戶外休閒 > 冬季運動 > 雪崩安全 > 雪崩探測棒
2798,運動用品 > 戶外休閒 > 冬季運動 > 雪崩安全 > 雪崩安全氣囊
2799,運動用品 > 戶外休閒 > 冬季運動 > 雙板滑雪和單板滑雪 > 滑雪屐和滑雪板配件 > 滑雪屐和滑雪板袋
2800,運動用品 > 戶外休閒 > 冬季運動 > 雙板滑雪和單板滑雪 > 滑雪屐和滑雪板配件 > 滑雪頭盔
2801,運動用品 > 戶外休閒 > 冬季運動 > 雙板滑雪和單板滑雪 > 滑雪屐和滑雪板配件 > 雙板和單板滑雪腳繩
2802,運動用品 > 運動和健身 > 腹肌訓練器材
2803,運動用品 > 運動和健身 > 有氧階梯踏板
2804,運動用品 > 運動和健身 > 平衡訓練器
2805,運動用品 > 運動和健身 > 心肺訓練器材 > 有氧運動器材配件
2806,運動用品 > 運動和健身 > 心肺訓練器材 > 滑步機
2807,運動用品 > 運動和健身 > 心肺訓練器材 > 健身腳踏車
2808,運動用品 > 運動和健身 > 心肺訓練器材 > 跳繩
2809,運動用品 > 運動和健身 > 心肺訓練器材 > 划船機
2810,運動用品 > 運動和健身 > 心肺訓練器材 > 爬梯機和踏步機
2811,運動用品 > 運動和健身 > 心肺訓練器材 > 跑步機
2812,運動用品 > 運動和健身 > 彈力球
2813,運動用品 > 運動和健身 > 彈力帶
2814,運動用品 > 運動和健身 > 健身椅和楔型健身器材
2815,運動用品 > 運動和健身 > 瑜珈滾輪和按摩器
2816,運動用品 > 運動和健身 > 手部運動器材
2817,運動用品 > 運動和健身 > 倒立機
2818,運動用品 > 運動和健身 > 引體向上機
2819,運動用品 > 運動和健身 > 仰臥起坐和引體向上單槓
2820,運動用品 > 運動和健身 > 反應訓練球
2821,運動用品 > 運動和健身 > 跑步
2822,運動用品 > 運動和健身 > 跑步 > 衝刺訓練傘和阻力傘
2823,運動用品 > 運動和健身 > 懸吊訓練繩
2824,運動用品 > 運動和健身 > 震動運動機
2825,運動用品 > 運動和健身 > 重量訓練器材 > 啞鈴
2826,運動用品 > 運動和健身 > 重量訓練器材 > 壺鈴
2827,運動用品 > 運動和健身 > 重量訓練器材 > 藥球
2828,運動用品 > 運動和健身 > 重量訓練器材 > 槓鈴桿和卡扣
2829,運動用品 > 運動和健身 > 重量訓練器材 > 重量訓練配件
2830,運動用品 > 運動和健身 > 重量訓練器材 > 重量訓練配件 > 運動器材墊
2831,運動用品 > 運動和健身 > 重量訓練器材 > 重量訓練配件 > 重訓腰帶
2832,運動用品 > 運動和健身 > 重量訓練器材 > 重量訓練配件 > 重訓手套
2833,運動用品 > 運動和健身 > 重量訓練器材 > 重量訓練配件 > 重量訓練機配件
2834,運動用品 > 運動和健身 > 重量訓練器材 > 重量訓練配件 > 啞鈴收納架
2835,運動用品 > 運動和健身 > 重量訓練器材 > 舉重機和舉重架
2836,運動用品 > 運動和健身 > 重量訓練器材 > 槓片
2837,運動用品 > 運動和健身 > 重量訓練器材 > 負重衣
2838,運動用品 > 運動和健身 > 瑜珈和皮拉提斯 > 皮拉提斯器械
2839,運動用品 > 運動和健身 > 瑜珈和皮拉提斯 > 瑜珈和皮拉提斯鋪巾
2840,運動用品 > 運動和健身 > 瑜珈和皮拉提斯 > 瑜珈袋和瑜珈墊背袋
2841,運動用品 > 運動和健身 > 瑜珈和皮拉提斯 > 瑜伽磚
2842,運動用品 > 運動和健身 > 瑜珈和皮拉提斯 > 瑜伽墊
2843,運動用品 > 運動和健身 > 瑜珈和皮拉提斯 > 瑜珈繩和瑜珈帶
2844,運動用品 > 室內遊戲 > 空氣曲棍球
2845,運動用品 > 室內遊戲 > 空氣曲棍球 > 空氣曲棍球拍
2846,運動用品 > 室內遊戲 > 空氣曲棍球 > 空氣曲棍球頂球器
2847,運動用品 > 室內遊戲 > 空氣曲棍球 > 空氣曲棍球桌
2848,運動用品 > 室內遊戲 > 撞球
2849,運動用品 > 室內遊戲 > 撞球 > 撞球三角框
2850,運動用品 > 室內遊戲 > 撞球 > 撞球
2851,運動用品 > 室內遊戲 > 撞球 > 撞球桿配件
2852,運動用品 > 室內遊戲 > 撞球 > 撞球桿配件 > 撞球桿盒
2853,運動用品 > 室內遊戲 > 撞球 > 撞球桿配件 > 撞球桿巧克
2854,運動用品 > 室內遊戲 > 撞球 > 撞球桿配件 > 撞球桿架
2855,運動用品 > 室內遊戲 > 撞球 > 撞球桿配件 > 撞球桿皮頭
2856,運動用品 > 室內遊戲 > 撞球 > 撞球桿和架桿器
2857,運動用品 > 室內遊戲 > 撞球 > 撞球手套
2858,運動用品 > 室內遊戲 > 撞球 > 撞球台配件
2859,運動用品 > 室內遊戲 > 撞球 > 撞球台配件 > 撞球口袋
2860,運動用品 > 室內遊戲 > 撞球 > 撞球台配件 > 撞球檯清潔刷
2861,運動用品 > 室內遊戲 > 撞球 > 撞球台配件 > 桌球台遮蓋和遮布
2862,運動用品 > 室內遊戲 > 撞球 > 撞球台配件 > 撞球檯燈具
2863,運動用品 > 室內遊戲 > 撞球 > 撞球桌
2864,運動用品 > 室內遊戲 > 保齡球
2865,運動用品 > 室內遊戲 > 保齡球 > 保齡球袋
2866,運動用品 > 室內遊戲 > 保齡球 > 保齡球
2867,運動用品 > 室內遊戲 > 保齡球 > 保齡球手套和護腕
2868,運動用品 > 室內遊戲 > 保齡球 > 保齡球瓶
2869,運動用品 > 室內遊戲 > 保齡球 > 服裝和鞋子
2870,運動用品 > 室內遊戲 > 飛鏢
2871,運動用品 > 室內遊戲 > 飛鏢 > 飛鏢零件
2872,運動用品 > 室內遊戲 > 飛鏢 > 飛鏢零件 > 飛鏢鏢翼
2873,運動用品 > 室內遊戲 > 飛鏢 > 飛鏢零件 > 飛鏢鏢桿
2874,運動用品 > 室內遊戲 > 飛鏢 > 飛鏢零件 > 鏢針
2875,運動用品 > 室內遊戲 > 飛鏢 > 飛鏢組合
2876,運動用品 > 室內遊戲 > 飛鏢 > 飛鏢背板
2877,運動用品 > 室內遊戲 > 飛鏢 > 飛鏢靶櫃
2878,運動用品 > 室內遊戲 > 飛鏢 > 飛鏢靶
2879,運動用品 > 室內遊戲 > 飛鏢 > 飛鏢
2880,運動用品 > 室內遊戲 > 手足球
2881,運動用品 > 室內遊戲 > 手足球 > 手足球專用球
2882,運動用品 > 室內遊戲 > 手足球 > 足球機人偶
2883,運動用品 > 室內遊戲 > 手足球 > 足球機握把
2884,運動用品 > 室內遊戲 > 手足球 > 手足球桌
2885,運動用品 > 室內遊戲 > 多功能遊戲桌
2886,運動用品 > 室內遊戲 > 乒乓球和桌球
2887,運動用品 > 室內遊戲 > 乒乓球和桌球 > 乒乓球
2888,運動用品 > 室內遊戲 > 乒乓球和桌球 > 桌球網和網架
2889,運動用品 > 室內遊戲 > 乒乓球和桌球 > 乒乓球拍
2890,運動用品 > 室內遊戲 > 乒乓球和桌球 > 桌球發球機
2891,運動用品 > 室內遊戲 > 乒乓球和桌球 > 桌球桌
2892,運動用品 > 室內遊戲 > 桌式沙壺球
2893,運動用品 > 室內遊戲 > 桌式沙壺球 > 沙壺球桌
2894,運動用品 > 室內遊戲 > 桌式沙壺球 > 桌上沙壺球專用沙和蠟
2895,運動用品 > 室內遊戲 > 桌式沙壺球 > 桌式沙壺球砝碼
2896,運動用品 > 戶外休閒 > 攀岩 > 攀岩配件
2897,運動用品 > 戶外休閒 > 攀岩 > 攀岩配件 > 攀岩粉袋
2898,運動用品 > 戶外休閒 > 攀岩 > 攀岩配件 > 攀岩毛刷
2899,運動用品 > 戶外休閒 > 攀岩 > 攀岩配件 > 攀岩手套
2900,運動用品 > 戶外休閒 > 攀岩 > 攀岩配件 > 登山頭盔
2901,運動用品 > 戶外休閒 > 攀岩 > 攀岩配件 > 攀岩帶
2902,運動用品 > 戶外休閒 > 攀岩 > 攀岩配件 > 防撞墊
2903,運動用品 > 戶外休閒 > 攀岩 > 攀岩配件 > 繩袋
2904,運動用品 > 戶外休閒 > 攀岩 > 攀岩裝備
2905,運動用品 > 戶外休閒 > 攀岩 > 攀岩裝備 > 上升器和下降器
2906,運動用品 > 戶外休閒 > 攀岩 > 攀岩裝備 > 確保器和垂降器
2907,運動用品 > 戶外休閒 > 攀岩 > 攀岩裝備 > 岩楔
2908,運動用品 > 戶外休閒 > 攀岩 > 攀岩裝備 > 登山扣
2909,運動用品 > 戶外休閒 > 攀岩 > 攀岩裝備 > 攀岩吊帶
2910,運動用品 > 戶外休閒 > 攀岩 > 攀岩裝備 > 攀索和攀帶
2911,運動用品 > 戶外休閒 > 攀岩 > 攀岩裝備 > 室內攀岩岩點
2912,運動用品 > 戶外休閒 > 攀岩 > 攀岩裝備 > 滑車
2913,運動用品 > 戶外休閒 > 攀岩 > 攀岩裝備 > 攀岩快扣
2914,運動用品 > 戶外休閒 > 攀岩 > 服裝和鞋子
2915,運動用品 > 戶外休閒 > 攀岩 > 攀冰 > 冰斧
2916,健康和美容 > 美容 > 美甲 > 美甲工具 > 手部和指甲保養霜
2917,居家 > 清潔用品 > 派對用品 > piñata 派對玩具